leftSensorData,rightSensorData,leftMotorData,rightMotorData
,,,
385,588,593,576
431,565,578,573
471,497,536,552
466,341,419,461
941,207,297,385
399,122,197,250
369,590,459,373
370,589,537,468
370,590,569,523
370,590,576,545
370,590,584,566
370,590,588,576
370,590,582,572
370,590,584,576
370,590,588,582
370,590,582,575
370,590,583,576
370,590,588,584
370,590,583,577
370,590,582,576
370,590,588,584
370,590,584,578
370,590,581,575
370,590,588,583
370,590,585,580
370,590,580,574
370,590,587,582
370,590,586,581
370,590,580,573
370,590,586,580
370,590,587,581
370,590,580,572
370,589,585,579
370,590,588,582
370,590,581,573
368,590,584,577
365,592,590,584
363,593,584,576
363,593,586,579
361,594,594,588
356,596,588,581
353,597,588,581
355,597,596,592
354,598,592,586
353,598,589,583
353,598,597,592
349,599,594,589
346,599,589,582
343,600,598,592
339,600,596,591
338,600,590,583
338,600,597,591
338,600,597,592
339,599,589,582
338,599,595,589
339,599,598,592
340,599,590,582
340,599,593,586
341,599,599,593
341,599,590,583
340,599,592,586
341,599,599,595
341,598,592,586
341,598,591,585
342,598,598,594
341,597,592,587
342,597,589,583
343,596,596,593
343,596,592,588
343,596,586,581
343,595,594,590
342,595,592,588
342,595,585,579
342,595,592,588
342,595,592,587
342,595,585,578
342,595,591,585
343,596,594,589
343,596,586,579
343,597,591,584
343,597,596,591
343,597,588,581
343,597,591,584
343,598,598,593
343,598,590,584
343,597,590,584
344,597,598,594
344,597,592,587
345,598,590,584
347,597,598,594
349,598,594,589
352,599,589,583
353,601,599,594
354,603,598,593
355,604,593,586
358,607,603,597
368,609,605,599
383,608,598,591
390,604,602,597
391,601,602,598
394,599,591,586
392,596,592,587
381,594,595,591
373,597,588,581
368,604,594,586
362,610,606,599
359,611,601,593
356,611,603,595
357,612,612,607
356,614,607,601
350,610,603,597
341,602,606,603
334,595,595,593
330,594,587,583
331,599,597,593
329,605,599,593
324,604,593,586
326,601,600,595
321,605,601,595
305,609,597,587
293,611,606,598
286,611,609,602
288,615,604,595
287,624,614,605
275,627,624,614
263,620,613,605
250,614,611,605
223,612,615,610
212,615,607,600
219,618,610,603
239,609,613,611
256,597,598,597
252,590,588,587
237,602,599,596
239,605,598,592
249,611,599,591
280,606,606,603
315,611,606,603
331,615,603,597
323,600,604,601
318,600,599,597
341,608,595,589
357,600,599,595
357,593,596,593
352,596,586,581
379,589,587,585
403,600,596,592
376,580,578,574
362,575,574,571
382,586,584,580
394,581,574,569
374,568,567,563
378,565,569,568
383,543,548,550
392,500,515,525
397,434,472,494
400,377,413,441
376,338,362,388
355,280,318,347
362,199,247,285
357,112,163,206
341,65,115,156
347,59,99,125
326,56,96,103
300,55,100,103
293,53,96,100
299,53,93,91
302,52,97,96
295,52,96,98
290,52,92,89
290,52,96,93
284,52,98,100
276,52,92,92
271,52,95,92
274,52,100,101
280,52,94,96
286,52,95,92
296,52,100,101
301,51,95,98
296,52,94,90
283,52,99,98
272,52,95,96
259,52,92,88
247,52,96,93
237,52,96,97
226,52,91,88
219,52,95,92
222,52,98,100
227,52,92,92
236,52,96,93
250,52,100,102
260,52,94,97
267,52,95,93
273,51,100,102
275,52,95,97
279,52,94,91
284,51,99,98
284,51,95,97
285,52,92,89
286,51,96,94
286,51,96,98
289,51,91,89
289,51,95,92
290,51,98,100
291,52,92,92
288,52,95,92
285,52,100,101
282,52,94,95
277,52,95,91
274,52,100,100
294,52,95,98
334,52,94,92
329,51,98,98
332,52,95,99
334,52,93,88
340,53,97,94
331,55,97,98
300,58,94,89
282,63,103,95
325,127,137,126
345,214,179,155
346,284,239,204
366,358,310,272
399,399,360,319
424,467,415,373
422,515,477,439
412,514,495,466
422,516,500,482
423,543,526,509
390,521,521,510
363,523,515,502
379,501,508,506
419,474,490,493
407,487,478,475
395,476,476,477
402,447,459,464
418,467,454,451
417,479,466,458
414,437,452,453
409,403,417,421
394,347,373,388
384,322,347,367
408,311,317,332
384,249,273,292
338,165,215,246
328,97,144,180
335,66,103,134
361,61,105,124
350,57,96,107
326,55,96,97
347,55,102,106
349,53,95,101
318,52,94,90
288,52,99,97
297,51,95,96
315,52,92,89
300,51,99,94
292,51,95,96
286,51,91,87
252,52,95,90
239,52,97,98
230,51,92,90
220,51,95,91
211,51,99,100
206,51,94,94
210,52,95,92
235,52,100,102
213,52,95,96
214,52,97,90
238,52,99,99
246,52,95,98
249,52,92,89
253,52,97,95
254,52,96,98
261,52,92,90
289,52,96,95
292,52,98,102
288,52,92,93
271,52,96,92
282,53,100,102
281,53,96,95
270,52,95,91
269,53,101,101
304,53,96,99
323,53,95,93
314,53,100,99
302,54,96,97
319,56,95,91
323,57,99,97
316,61,100,101
321,83,108,100
356,121,131,120
362,200,178,158
332,289,238,197
342,334,290,251
330,371,342,310
363,410,376,344
384,436,406,380
348,468,444,418
336,478,460,437
374,496,477,455
397,506,497,482
360,500,498,485
342,492,484,476
358,492,491,489
378,489,486,485
367,491,479,473
365,478,482,476
359,455,465,466
357,448,446,448
367,437,439,442
389,418,428,435
377,399,402,406
360,399,397,398
349,395,401,398
344,368,373,375
341,350,357,363
340,340,349,356
357,329,331,337
385,307,313,320
387,275,295,307
358,280,282,284
337,263,264,267
336,217,244,255
341,233,232,239
348,245,232,233
353,246,243,242
357,248,244,241
348,254,244,234
336,273,262,253
348,284,277,265
365,292,275,265
371,311,297,287
375,311,304,296
376,310,299,290
366,321,311,301
360,317,317,310
351,319,312,302
351,333,321,311
358,330,330,326
353,341,328,320
345,344,334,326
342,336,339,335
336,360,345,335
340,365,354,341
343,363,362,355
333,384,370,362
337,387,372,363
341,394,389,382
349,412,399,389
356,409,397,387
361,418,414,403
361,434,423,412
367,438,423,413
378,461,445,433
373,481,465,451
367,487,469,452
343,513,494,475
346,525,515,496
362,539,520,502
355,546,535,519
348,548,544,533
345,556,542,533
362,556,547,539
380,560,558,552
357,563,555,543
353,569,558,548
368,574,573,564
375,580,570,562
362,581,571,564
340,580,578,573
346,581,576,571
372,583,573,566
369,583,582,577
354,579,579,571
351,577,568,562
369,580,577,575
374,583,577,573
359,583,571,563
342,584,579,571
347,585,583,576
358,590,580,569
342,589,584,575
329,589,588,584
335,586,577,571
347,581,577,572
349,583,583,579
352,583,575,569
359,581,577,569
344,574,578,575
334,569,567,566
344,572,564,561
354,576,575,572
350,578,571,565
344,576,567,561
343,586,584,574
356,594,586,577
361,596,583,577
355,596,592,587
351,593,591,586
364,596,585,578
376,594,592,587
371,589,591,584
362,584,577,571
369,582,580,578
383,580,579,577
369,580,570,564
342,577,572,565
346,577,577,573
364,577,571,563
354,576,570,563
333,577,577,574
335,577,569,563
349,577,569,565
349,577,577,573
341,581,573,567
341,584,576,565
348,587,585,579
342,591,584,579
319,593,581,573
310,594,592,586
319,595,591,586
321,596,585,578
313,595,595,586
312,595,592,587
314,594,584,579
319,591,588,584
325,586,587,585
328,582,575,571
329,577,575,572
330,573,577,572
329,569,562,558
326,564,563,558
326,563,564,562
323,559,553,551
319,555,550,546
315,553,554,552
310,551,548,541
308,550,543,538
305,550,553,547
306,549,545,541
309,552,542,539
308,552,549,546
307,549,545,541
312,548,539,534
319,549,547,543
316,546,546,539
313,543,535,529
318,543,541,539
328,541,539,537
328,542,532,526
322,543,538,532
317,543,541,535
321,544,536,526
322,546,539,532
313,548,547,543
304,551,540,532
309,555,546,538
312,552,553,548
303,557,548,540
287,562,555,543
284,567,564,557
287,565,559,554
283,570,559,551
271,575,572,565
272,578,571,564
279,575,566,560
282,575,577,570
283,581,576,570
287,585,573,567
291,584,580,576
301,585,581,578
309,588,576,568
319,588,584,578
328,589,589,580
336,586,577,570
346,585,581,578
344,586,584,580
337,582,574,569
341,583,577,571
346,585,584,580
344,587,580,570
341,587,580,572
336,586,586,584
335,590,580,574
340,595,583,578
339,596,593,588
329,593,587,581
327,593,586,577
336,597,595,590
338,598,593,590
328,596,586,580
322,594,593,590
331,596,592,587
336,598,586,579
322,595,594,586
317,595,592,587
324,596,586,581
331,596,591,586
315,596,594,588
309,595,586,578
326,597,591,585
328,595,597,590
308,595,586,578
304,597,590,584
326,597,596,593
326,596,588,584
307,596,589,582
301,596,597,592
316,595,592,585
334,597,589,584
330,599,600,595
309,595,590,586
320,597,587,584
350,600,597,594
357,600,596,591
339,603,593,583
342,601,599,594
358,600,600,593
364,602,592,584
353,603,599,594
344,600,598,593
347,600,590,583
346,594,591,586
333,595,595,589
323,600,591,582
313,592,587,582
323,600,598,595
308,601,590,583
287,594,590,583
285,601,600,593
298,602,595,588
301,609,600,590
278,612,609,602
264,608,603,599
289,610,600,595
307,614,612,607
288,619,612,604
276,618,608,599
291,619,620,611
296,623,618,612
278,624,613,606
255,624,620,614
244,625,621,616
244,623,613,606
224,622,619,612
202,618,621,612
213,612,607,601
202,609,607,605
205,607,611,607
196,603,595,594
172,601,597,591
200,594,598,599
197,592,587,584
134,591,586,580
143,586,588,586
200,581,577,579
180,579,572,569
165,579,580,579
164,579,573,568
179,577,570,565
185,578,580,573
145,578,573,567
132,581,573,562
162,582,581,576
157,578,579,574
149,577,567,562
159,584,580,577
151,583,580,575
147,578,570,567
159,577,574,571
163,580,577,574
165,584,574,564
170,579,576,570
177,575,579,573
188,583,571,564
167,582,576,568
168,581,580,575
186,581,573,569
169,579,572,566
168,580,579,578
184,584,574,568
183,580,573,567
176,581,583,576
172,583,577,571
175,580,575,567
184,584,583,578
177,585,583,576
167,584,574,568
161,583,583,581
166,582,579,576
186,582,572,570
187,585,580,575
175,583,580,574
177,581,574,565
181,583,580,574
178,585,584,576
178,586,575,567
185,589,585,578
178,583,583,579
181,589,578,573
183,592,582,575
180,586,587,585
198,599,585,577
197,597,589,581
181,596,599,590
194,605,595,587
192,601,596,586
185,604,604,598
181,609,604,597
168,604,597,591
162,605,606,604
152,601,598,594
153,599,591,589
170,601,599,596
195,598,596,594
210,609,597,589
212,607,603,597
218,611,608,598
200,614,602,591
187,614,612,604
204,608,608,603
190,602,597,591
176,604,598,593
181,608,607,602
184,611,599,591
152,609,603,596
136,603,604,599
153,597,592,588
159,590,590,584
133,589,592,589
149,596,590,581
169,608,596,587
134,602,605,598
131,591,589,586
129,579,578,579
108,566,574,576
112,575,571,571
86,608,583,571
85,618,607,594
152,624,617,605
142,620,609,599
154,612,616,612
194,611,610,609
265,604,600,600
330,598,598,601
396,602,600,604
357,599,589,584
431,607,599,595
395,589,596,590
338,633,607,590
335,602,602,596
391,615,612,608
380,591,592,592
348,606,596,590
394,594,600,599
430,547,564,571
313,550,548,548
397,557,557,562
366,515,526,532
442,481,494,508
390,446,469,484
371,424,439,453
392,402,411,420
403,352,379,399
363,311,337,360
389,271,289,311
361,268,277,292
382,213,241,258
383,167,191,208
379,172,181,193
351,154,167,176
344,73,112,131
344,66,103,116
344,61,100,111
304,54,92,93
330,56,98,97
353,60,102,106
333,60,98,95
334,71,105,98
350,61,105,108
354,56,96,101
350,76,108,102
352,169,161,141
347,230,204,176
380,349,281,234
392,416,362,316
420,516,449,394
403,578,515,460
385,576,553,513
382,577,568,541
346,612,586,556
322,586,586,571
333,597,596,584
328,596,585,575
244,614,598,584
145,580,592,586
104,603,587,579
55,597,588,578
48,596,596,589
47,605,596,585
46,602,593,585
45,573,586,589
43,556,562,566
44,581,565,561
44,535,555,559
45,545,543,545
45,541,533,533
45,550,547,541
47,575,559,549
49,592,571,555
53,591,583,572
59,593,588,578
149,583,579,572
225,654,622,606
268,629,630,621
362,603,604,605
427,567,581,592
375,544,561,572
364,590,567,562
360,554,557,556
386,493,525,539
415,283,382,435
371,166,252,321
378,141,194,250
333,63,115,164
352,52,96,129
343,50,100,118
309,50,93,101
280,48,93,94
278,48,101,101
271,47,92,95
266,48,91,87
258,49,97,97
266,47,92,95
248,46,89,84
257,46,93,91
245,47,93,96
271,48,91,87
240,48,93,88
311,48,97,102
322,52,92,94
372,57,101,97
364,136,144,130
396,302,233,192
375,385,316,261
374,522,437,369
383,575,517,452
364,588,549,499
373,594,581,546
391,615,599,575
347,611,597,579
341,627,615,600
200,603,607,593
50,539,561,558
47,566,562,558
45,560,564,561
44,545,542,540
43,554,547,544
44,501,527,532
44,512,509,510
44,502,503,504
44,469,486,495
43,459,463,470
43,443,448,450
42,415,432,442
42,426,426,429
42,404,404,408
42,414,414,415
43,461,440,425
43,489,458,437
44,494,482,468
44,500,491,477
44,518,498,481
44,533,522,503
44,541,532,518
45,530,521,512
46,573,549,533
48,591,576,558
59,572,568,555
158,597,582,573
305,598,597,598
367,613,596,590
364,596,591,589
386,588,593,595
387,580,577,578
367,489,523,537
333,354,430,472
335,66,224,318
290,52,123,198
285,47,98,148
281,45,92,117
264,45,91,97
239,45,97,101
215,45,92,95
70,46,89,77
57,45,94,88
54,45,92,92
50,46,88,83
47,46,93,88
46,46,95,97
45,46,89,86
45,46,92,88
45,45,97,99
44,45,90,92
44,44,91,87
44,45,97,98
44,45,92,94
44,45,90,84
47,46,95,94
47,46,92,94
48,46,88,84
50,46,92,89
105,46,95,105
104,47,88,87
174,46,94,94
229,46,97,103
229,45,89,92
259,45,92,90
308,46,99,103
299,50,94,98
331,86,114,102
324,340,259,203
328,473,381,311
367,583,487,409
366,602,557,496
351,599,586,542
313,596,582,553
176,580,583,559
59,582,584,567
47,576,570,561
44,531,546,547
44,537,546,548
44,518,523,525
44,398,447,473
44,290,362,411
43,180,250,305
43,65,143,206
44,56,104,156
44,50,94,118
45,50,94,102
45,58,104,109
47,50,95,101
43,47,91,89
42,48,97,97
41,47,92,95
41,47,89,85
41,48,94,94
41,49,94,100
41,48,91,86
42,51,94,89
42,57,101,102
43,88,110,103
43,94,118,110
43,170,164,147
43,351,270,220
42,443,364,298
43,503,449,390
43,515,488,446
43,527,502,469
43,578,549,518
45,564,562,539
50,588,566,546
124,614,595,581
261,610,605,598
377,590,590,588
393,599,593,589
393,602,601,596
368,575,578,573
405,539,551,559
381,421,480,513
359,206,314,382
390,54,168,256
312,51,108,173
307,50,91,124
302,49,94,106
282,48,99,108
252,47,92,96
127,46,91,83
128,45,100,96
59,44,91,90
51,44,89,83
50,44,94,92
48,44,91,93
47,46,88,85
48,46,93,89
48,45,94,96
48,44,87,86
49,44,91,88
50,44,96,98
51,44,89,91
53,44,91,89
53,44,100,99
52,45,92,94
68,46,90,87
136,45,96,98
177,45,92,99
213,45,88,88
228,46,93,93
292,46,94,101
301,46,88,89
313,46,93,91
326,50,98,101
357,60,96,96
346,269,214,167
387,464,366,294
411,552,469,394
407,594,537,469
399,608,583,536
388,618,603,573
360,631,609,583
244,600,607,594
105,620,614,597
54,598,593,582
48,577,588,583
45,559,571,573
44,523,536,542
44,536,533,536
43,536,537,537
43,518,518,514
43,505,508,507
43,492,503,508
43,492,488,486
43,560,524,507
43,514,526,518
44,528,520,512
44,540,526,518
44,518,526,524
45,550,535,526
47,568,548,533
52,584,572,559
137,588,580,575
265,574,566,566
366,615,599,595
395,606,601,595
418,611,595,587
432,596,599,592
419,552,570,575
386,457,494,517
391,319,393,441
378,155,259,331
376,73,148,215
350,53,96,145
335,50,98,123
351,48,89,101
319,47,93,95
330,48,97,106
269,49,91,90
269,46,92,88
193,45,97,95
129,45,91,89
76,45,91,81
85,46,98,96
139,46,93,97
86,47,90,83
122,47,96,95
200,48,94,102
204,48,89,87
218,47,93,92
253,45,94,100
238,44,86,86
273,43,91,90
278,44,96,100
277,46,89,91
291,47,93,90
329,51,101,104
336,59,98,100
284,145,143,118
386,340,264,216
372,453,372,311
408,462,413,362
374,747,607,511
383,805,722,633
406,773,744,687
384,579,658,661
399,630,643,650
321,617,617,619
93,601,602,594
56,616,614,608
49,637,619,603
46,586,598,595
44,531,568,581
44,519,529,543
44,544,531,533
42,522,533,534
41,516,516,517
42,487,493,499
41,476,486,494
42,477,478,481
42,472,467,464
43,500,488,482
43,519,503,494
43,508,495,484
43,528,516,504
44,540,532,519
45,539,525,512
46,572,552,538
47,572,568,553
61,578,564,551
217,617,596,583
332,588,596,597
393,666,625,611
414,581,597,598
447,603,605,608
404,603,595,591
404,608,596,590
386,575,591,590
390,504,535,550
399,454,483,505
348,384,427,458
388,268,332,384
384,182,234,287
362,57,143,205
361,53,96,142
307,50,93,107
343,48,98,109
339,46,93,100
331,46,90,88
304,47,95,92
307,49,95,98
337,50,90,88
376,51,95,93
335,51,97,99
338,52,92,91
380,60,100,97
388,98,124,120
367,154,147,131
394,285,223,184
373,383,321,270
394,502,426,360
393,510,467,414
420,576,535,492
415,594,567,531
425,664,612,571
402,647,636,608
391,613,625,613
383,616,612,600
366,613,612,606
295,599,606,603
263,639,613,599
148,626,618,603
66,644,639,622
56,590,600,598
49,573,585,587
45,578,583,586
44,573,569,570
44,564,563,560
44,538,553,558
44,545,545,545
44,551,540,536
44,560,556,552
44,551,551,544
44,542,537,532
44,564,560,553
46,571,563,555
51,605,578,562
49,600,595,579
53,526,555,561
117,585,564,559
255,621,596,587
354,629,617,612
379,611,602,596
390,636,620,611
408,604,614,612
399,613,602,596
420,662,633,614
426,477,549,574
355,545,538,546
450,698,623,595
405,649,641,625
380,374,483,527
385,316,381,436
405,286,332,377
383,260,283,317
376,165,207,247
290,81,141,185
328,53,96,136
333,50,93,108
319,49,99,108
294,48,93,99
351,48,93,91
498,49,98,106
261,50,93,88
252,50,90,83
294,50,97,92
307,50,96,100
293,48,89,87
260,47,93,88
257,47,100,100
245,47,90,90
274,47,93,90
268,47,99,103
284,47,93,96
275,48,92,88
295,49,99,100
296,49,94,97
290,48,91,86
270,48,96,94
322,48,94,99
334,48,89,89
324,48,94,91
315,48,95,98
344,49,89,89
388,50,95,94
371,51,102,101
313,52,93,91
337,52,95,92
371,58,104,109
369,72,105,105
371,111,125,112
334,182,169,148
400,251,218,192
394,307,263,225
401,335,307,276
338,401,362,326
351,453,404,363
344,423,417,394
496,431,432,420
540,479,447,429
529,487,471,449
529,541,514,489
533,525,511,496
543,508,506,498
501,551,535,520
482,499,507,502
431,498,497,493
366,492,500,494
351,420,446,458
346,378,400,420
385,293,343,378
347,216,265,307
364,162,196,236
350,61,129,177
369,52,95,131
354,52,94,105
344,51,99,107
312,49,94,98
278,48,90,85
246,48,95,92
286,48,93,99
235,48,89,84
288,47,93,93
235,48,95,95
203,47,89,85
196,48,93,87
204,47,98,99
236,47,91,93
299,48,94,95
357,48,99,106
279,48,93,95
280,48,92,87
301,49,98,99
264,49,93,94
248,48,90,84
292,47,95,95
297,46,93,97
268,45,87,86
253,45,92,87
246,45,94,96
309,46,88,90
288,47,93,89
302,47,100,101
301,48,92,93
323,50,94,91
318,50,100,103
308,50,94,96
315,51,94,90
311,50,99,98
331,50,94,98
306,49,91,86
303,48,95,93
296,47,93,96
290,46,88,88
255,46,92,87
254,46,95,97
248,46,88,87
278,46,93,91
289,46,100,100
243,46,90,90
196,47,92,85
182,47,98,100
109,48,92,90
57,47,92,83
52,47,97,94
49,47,92,93
47,47,89,87
45,47,96,91
43,46,93,96
43,46,87,85
43,45,92,89
42,45,95,98
43,45,88,89
43,44,91,88
43,45,97,98
43,45,91,93
43,45,90,86
43,45,96,96
43,45,91,93
43,45,89,87
43,45,96,92
43,45,93,95
43,46,88,85
43,46,93,89
42,47,96,98
42,46,89,89
42,46,92,90
42,46,100,100
41,46,92,94
41,46,91,88
41,46,98,98
41,46,92,94
41,46,90,85
40,46,95,92
40,46,92,95
41,46,88,85
41,46,93,89
40,46,95,97
41,46,88,88
41,46,92,89
41,46,98,99
42,47,91,93
42,46,92,88
42,47,98,98
42,46,92,94
43,47,90,85
43,46,95,93
43,46,93,94
42,46,88,84
43,46,92,89
43,46,95,97
43,46,88,87
43,46,92,91
43,46,100,99
43,46,90,92
43,45,92,88
42,45,98,99
43,45,91,94
43,46,90,88
43,45,98,95
43,45,92,94
43,45,88,84
43,45,92,89
43,46,93,96
43,46,87,86
43,46,92,89
43,46,97,98
43,46,90,90
43,46,92,88
42,46,98,99
43,45,91,94
42,46,90,86
42,45,96,95
42,45,92,93
42,45,88,84
42,45,92,89
42,45,93,95
42,45,87,85
42,45,92,91
42,45,99,99
42,45,89,90
42,46,92,88
42,46,98,99
42,46,92,94
43,46,91,86
42,46,96,98
43,46,94,95
43,46,89,85
43,46,93,90
43,45,93,95
43,45,87,85
43,45,92,88
42,45,96,99
42,45,89,89
42,45,91,87
42,44,97,98
42,44,91,93
42,44,90,85
42,44,95,94
42,43,91,93
42,44,88,84
42,44,92,90
42,44,95,95
42,44,87,85
43,45,92,88
43,46,96,98
42,46,89,90
43,47,92,88
43,47,98,100
42,47,92,95
43,46,91,87
43,45,96,96
43,44,91,94
42,43,88,84
42,43,92,93
42,42,93,95
42,42,86,83
42,42,90,87
42,43,94,96
42,43,87,87
42,43,91,87
42,43,97,99
43,43,90,93
43,43,90,86
42,43,95,96
42,43,90,92
42,43,88,84
42,44,93,91
42,44,92,94
42,44,89,84
42,45,92,88
42,45,95,97
42,45,88,88
42,45,92,88
42,44,97,98
42,44,91,95
42,44,90,86
42,45,97,96
42,45,92,94
42,45,89,84
42,45,94,91
42,45,92,95
42,45,87,84
42,45,92,91
42,45,97,98
42,45,88,88
42,45,92,88
42,44,97,99
42,44,91,93
42,44,90,86
42,44,96,97
42,44,93,92
41,44,89,84
41,44,93,91
41,44,91,94
42,44,87,84
43,45,92,88
44,46,95,98
43,45,88,89
43,45,94,89
43,45,97,99
43,45,91,93
43,46,91,87
43,46,98,97
43,47,92,94
43,46,90,85
42,46,94,95
42,46,92,96
42,46,88,84
42,46,93,89
43,45,95,97
43,45,88,88
43,46,92,88
42,46,98,99
42,46,92,94
42,46,91,88
43,46,99,98
43,45,92,95
43,45,89,85
43,45,93,91
42,45,92,95
42,45,87,84
42,46,92,88
43,46,96,101
43,46,89,89
43,46,92,88
43,45,97,99
43,46,92,94
43,46,91,87
42,46,98,97
42,46,92,94
42,46,89,85
43,47,97,92
42,46,93,95
43,46,87,85
42,46,93,89
42,47,96,98
42,46,89,89
43,45,92,88
43,45,97,101
43,45,91,93
1018,46,90,86
43,46,97,97
42,46,92,94
42,45,89,85
42,44,93,92
41,45,92,94
41,45,87,84
42,45,92,88
42,45,94,97
43,45,87,87
43,45,92,88
42,45,97,99
42,45,91,92
43,46,91,87
43,45,97,98
43,45,91,93
43,46,90,85
43,46,95,95
43,46,92,95
43,45,88,84
42,45,92,89
41,46,94,96
41,46,88,87
43,46,92,89
44,48,98,99
44,49,92,93
44,48,95,88
46,46,97,98
49,48,93,95
52,47,90,86
66,46,95,94
127,47,94,99
168,49,90,91
251,49,97,96
271,47,95,101
315,47,89,92
319,48,93,92
280,48,98,99
308,47,90,92
353,47,93,92
291,51,100,98
332,51,95,98
338,49,93,91
295,49,98,95
309,51,95,97
301,54,94,89
355,56,99,99
348,60,100,102
364,105,118,107
338,110,125,116
343,201,177,156
346,279,230,194
312,327,283,242
350,363,336,306
349,438,388,348
350,489,442,401
353,485,473,444
329,534,503,473
355,510,503,484
344,483,495,491
339,472,479,482
358,462,459,461
305,419,438,447
355,378,402,418
326,366,371,381
355,300,334,352
352,272,296,317
369,213,239,266
316,79,150,193
298,51,100,140
310,49,91,108
310,48,94,101
316,46,93,101
295,45,88,87
237,46,92,85
189,47,96,94
107,46,89,83
54,45,91,83
47,46,97,95
45,46,92,92
46,46,91,86
44,46,96,96
42,46,92,94
43,46,90,85
44,46,94,93
43,46,93,95
42,46,88,85
43,46,92,89
42,46,95,97
41,46,89,89
41,46,92,88
42,45,97,98
43,44,91,93
42,45,91,88
42,46,98,96
43,45,91,94
43,44,88,85
42,44,93,90
41,45,92,94
41,45,88,85
42,46,92,89
43,46,95,98
43,46,89,89
42,45,91,87
42,44,96,97
44,45,91,93
43,45,91,86
43,45,96,95
43,45,92,93
44,45,89,85
44,45,93,90
46,45,92,94
48,45,88,85
53,45,92,89
130,46,96,102
205,48,91,95
248,48,93,95
284,47,97,103
336,47,92,98
268,48,92,87
352,50,99,102
360,61,100,101
346,217,182,144
332,356,288,233
355,493,405,335
319,555,483,415
388,568,534,485
348,595,571,532
376,601,581,554
390,575,576,563
309,589,589,573
256,599,585,569
267,615,599,586
206,608,607,595
118,563,575,573
110,582,574,568
53,592,588,579
57,590,587,577
53,596,584,576
51,581,587,586
63,596,591,583
106,603,589,582
127,595,598,593
194,620,607,601
344,603,600,600
316,592,594,595
358,599,596,598
369,607,592,588
347,598,594,589
375,590,595,591
354,576,574,571
381,523,543,555
371,425,476,506
394,303,369,418
364,151,241,307
305,58,145,211
316,52,92,139
337,50,95,116
305,48,96,109
298,47,93,96
306,47,93,92
312,48,98,100
273,49,93,94
298,49,93,90
295,48,97,98
306,48,93,96
310,47,91,88
287,46,94,94
304,46,92,94
297,46,88,85
292,46,93,90
271,47,94,95
287,47,89,88
310,46,93,91
259,46,95,94
335,49,92,94
333,53,96,95
377,58,104,105
388,182,165,144
394,316,245,202
423,406,340,288
339,517,440,371
409,538,491,437
409,605,559,509
418,547,556,530
393,628,586,554
421,612,601,583
421,616,611,598
401,613,604,592
306,604,602,587
155,606,605,591
62,602,598,584
53,587,587,581
48,575,584,585
47,560,566,565
46,550,552,553
46,550,554,557
44,551,547,546
44,555,544,539
44,534,544,542
43,537,536,536
45,537,528,526
45,542,537,532
45,559,548,539
44,569,553,540
46,570,562,552
47,576,571,563
48,592,577,561
49,607,593,578
63,592,596,591
196,596,588,587
261,611,600,598
365,651,631,622
361,604,610,608
372,632,621,610
387,603,614,615
371,569,582,590
343,515,536,551
357,426,476,509
365,351,400,439
343,305,337,372
314,154,238,291
351,80,150,206
359,141,142,167
338,95,122,144
319,60,99,117
285,52,93,96
302,50,97,100
314,50,95,100
306,51,92,90
318,49,95,94
352,50,95,100
303,51,91,87
313,58,98,93
336,56,100,103
336,54,93,94
336,101,122,108
352,289,229,187
389,365,305,256
372,479,402,336
383,546,489,429
402,588,545,497
396,596,566,529
415,582,578,559
345,609,594,573
338,609,594,575
352,594,598,587
355,624,611,599
208,609,600,585
119,591,595,586
52,582,587,584
47,587,579,570
45,556,562,562
44,555,563,564
44,540,540,542
44,515,523,527
42,520,527,527
42,473,489,497
43,409,438,460
42,311,368,405
43,298,322,352
43,293,300,318
42,203,246,277
42,178,206,233
42,221,207,211
42,214,214,216
44,244,231,226
44,317,271,246
43,334,309,284
43,357,342,317
44,368,349,328
44,390,372,355
44,443,416,389
45,449,426,403
44,488,462,436
43,500,486,466
44,508,492,475
44,537,517,494
44,543,536,520
45,549,538,526
46,570,550,535
46,562,562,553
48,575,568,556
52,592,573,560
55,597,590,582
90,602,594,587
219,614,598,591
330,610,610,608
368,620,613,609
364,596,595,591
345,611,603,596
387,617,611,607
343,604,597,591
346,606,600,594
348,605,606,599
333,595,590,585
347,608,597,592
344,594,598,595
336,593,586,583
352,580,580,577
326,600,594,589
330,614,601,589
354,604,596,589
336,605,607,601
343,576,582,585
301,590,578,574
194,593,589,580
82,585,584,573
50,577,574,563
43,538,557,560
43,521,535,544
43,466,487,498
43,272,365,417
42,94,216,295
42,51,115,183
41,48,95,136
42,46,92,118
41,46,90,95
42,46,95,93
41,46,95,99
43,46,88,90
42,45,92,89
42,44,96,98
42,44,90,94
42,44,90,89
42,44,98,98
42,46,94,93
42,46,92,84
41,46,93,91
42,45,92,94
42,46,87,84
43,46,92,89
43,46,95,99
43,44,88,91
41,43,92,90
42,42,97,97
41,43,90,91
41,45,90,85
42,45,96,96
43,45,91,93
43,45,88,84
43,45,93,93
42,45,92,97
42,44,89,86
42,44,93,87
42,44,94,97
42,46,89,89
43,46,92,88
43,45,97,98
43,45,91,93
43,45,90,88
43,44,98,98
43,45,93,95
43,45,91,84
42,46,93,91
42,46,93,95
43,46,87,85
45,45,92,89
44,45,95,98
42,45,88,91
42,45,93,90
43,45,100,99
43,45,91,94
42,45,90,86
42,45,96,96
42,44,90,94
42,45,88,86
42,47,96,92
43,47,96,95
43,47,88,85
43,47,93,89
42,47,96,98
43,47,88,89
43,46,92,90
43,46,100,100
43,46,91,94
43,45,90,87
43,45,97,97
43,45,91,95
43,46,89,87
43,46,96,93
43,46,95,95
44,46,87,84
43,45,92,88
42,45,94,97
42,46,88,87
42,46,92,90
42,48,99,103
43,48,94,94
43,50,93,87
43,58,103,101
42,135,137,123
42,191,168,142
43,268,228,196
43,418,340,286
43,495,421,355
43,473,453,410
44,526,502,466
45,561,525,491
50,593,562,530
63,583,583,561
177,622,598,581
338,591,594,591
350,611,607,604
319,586,589,588
360,602,588,585
311,619,610,600
372,593,596,594
389,597,587,584
350,566,581,580
368,528,548,559
319,440,475,498
356,412,441,468
320,373,399,424
302,240,297,337
330,147,213,265
413,100,152,202
281,79,106,135
288,60,102,120
311,55,97,110
307,59,94,95
335,61,100,101
321,65,104,106
349,100,115,108
334,145,146,129
351,199,183,167
330,225,203,182
305,348,281,238
340,398,355,315
367,418,388,354
326,495,443,399
335,577,528,478
396,585,559,524
373,580,562,538
354,588,580,563
351,589,584,574
374,565,563,558
355,570,569,564
303,573,573,563
211,585,568,552
100,583,579,561
51,589,586,573
46,580,573,565
45,575,571,565
45,549,563,564
44,534,539,540
44,556,543,539
43,533,543,544
44,521,525,523
43,519,515,514
44,502,513,518
43,500,499,500
43,499,492,489
42,501,504,501
42,490,491,491
43,515,495,489
43,557,535,517
44,547,540,527
46,572,550,532
52,577,567,553
156,607,592,580
243,616,598,583
363,619,612,604
354,609,614,607
376,596,592,589
398,594,591,591
406,601,600,598
399,584,580,578
400,519,541,552
370,404,468,501
352,265,346,398
445,142,224,295
371,86,154,212
408,57,97,146
373,50,93,111
342,48,102,111
330,47,93,99
293,47,92,88
317,47,99,102
277,48,93,94
307,49,91,87
296,48,97,95
303,49,94,96
308,49,92,87
322,49,94,92
330,49,96,98
307,49,89,86
318,50,95,91
339,53,101,103
365,57,95,96
376,125,134,117
347,218,191,165
378,206,199,182
370,298,251,216
390,371,324,286
430,416,377,342
462,511,444,396
385,555,510,461
341,593,558,514
411,601,575,543
392,647,619,583
430,596,609,598
351,594,590,581
363,597,592,587
374,645,625,611
279,622,612,596
159,597,601,590
139,580,596,594
93,585,579,573
57,576,573,570
50,587,585,581
51,576,573,569
52,599,584,572
50,589,590,586
52,596,590,586
55,587,581,574
94,605,599,594
220,603,602,601
235,605,594,590
297,607,603,606
349,600,600,601
350,595,587,585
347,596,593,590
374,581,586,586
381,584,577,570
402,532,549,556
375,431,483,512
383,322,380,423
391,239,296,347
327,121,200,258
310,51,111,164
318,49,94,125
310,48,97,116
309,48,89,98
326,48,94,95
301,48,99,102
297,47,92,94
277,46,92,88
273,47,99,100
232,47,92,92
202,47,91,84
153,47,96,91
170,47,93,94
150,47,90,85
135,46,93,89
105,47,94,94
190,48,88,90
123,47,93,87
150,48,98,101
220,47,89,94
182,47,93,89
191,47,101,101
203,46,92,95
162,47,91,85
108,46,98,99
195,47,94,100
259,46,91,91
254,46,96,98
288,46,92,99
291,46,88,85
304,46,93,92
277,46,93,94
235,47,88,84
274,47,93,89
291,48,98,101
300,50,91,92
322,57,98,94
293,58,105,105
323,82,110,108
359,217,184,153
336,310,265,223
362,379,328,285
396,491,415,355
336,542,490,434
346,576,541,497
375,555,540,512
382,579,564,542
360,586,579,561
353,597,579,562
339,594,589,572
329,594,595,586
334,590,583,576
314,576,575,572
333,599,592,586
345,628,604,589
379,579,587,584
325,626,615,603
312,588,594,590
345,581,580,582
335,589,588,588
331,587,583,580
359,613,591,581
317,582,591,587
333,590,589,583
354,582,574,571
370,591,586,585
376,572,576,577
345,596,576,566
347,597,589,579
357,591,591,585
325,548,557,554
326,508,527,536
319,451,486,507
336,387,418,445
338,293,343,382
392,258,299,338
325,196,229,262
336,106,159,199
321,56,109,149
283,51,91,111
286,50,94,101
307,49,99,107
287,48,91,95
246,47,93,89
185,46,98,96
113,47,91,88
52,47,91,81
47,46,97,94
45,46,92,92
43,45,88,83
42,44,93,90
42,43,92,95
41,44,86,84
41,44,92,88
42,44,96,99
41,44,91,90
41,44,91,87
41,44,98,99
41,45,91,94
41,45,90,86
41,44,96,95
41,44,91,94
41,45,88,85
41,45,93,90
42,45,93,95
42,45,87,84
42,45,92,88
43,46,96,99
42,46,89,89
42,45,92,87
42,46,98,100
42,46,92,94
42,46,91,86
43,46,97,96
43,46,92,94
43,46,89,84
42,46,94,91
43,46,93,96
43,45,87,84
42,45,92,88
42,45,96,98
42,45,88,89
42,45,92,88
42,45,98,101
43,45,92,93
43,45,91,86
43,45,97,97
43,45,92,94
43,46,89,84
43,46,94,92
43,46,93,96
42,46,88,84
43,46,92,88
43,46,95,98
43,46,88,88
43,46,92,88
43,46,98,100
43,46,94,94
43,46,91,87
43,46,98,99
43,46,92,95
43,46,90,85
43,46,95,93
43,46,93,96
43,46,88,87
43,46,92,89
43,45,95,98
43,45,88,88
43,46,92,88
42,46,98,100
43,46,91,93
42,46,91,87
43,46,98,98
43,46,92,94
43,45,90,85
43,46,95,93
43,45,92,95
42,46,88,84
42,45,92,89
41,45,95,97
41,45,88,86
41,45,92,87
42,45,98,99
42,45,90,92
42,45,91,87
42,46,98,98
42,46,92,95
42,46,90,85
42,46,97,92
41,45,92,94
41,44,87,83
42,44,91,88
42,44,94,97
42,44,87,86
43,44,91,87
43,44,97,100
43,45,91,92
43,46,91,86
43,46,98,98
43,46,92,94
43,46,89,84
43,45,95,93
43,45,92,95
43,45,87,84
42,45,94,88
42,45,95,97
42,46,88,87
42,45,92,88
42,45,98,99
42,45,91,92
42,45,91,89
42,45,100,99
43,45,91,94
42,45,89,85
42,45,95,93
41,44,91,94
41,44,87,84
41,44,92,88
42,44,94,96
42,45,87,86
42,45,92,88
42,45,97,99
41,45,90,91
42,46,92,88
43,46,98,99
43,45,91,94
43,45,90,85
43,45,96,94
42,46,92,95
42,46,89,85
43,47,93,92
44,47,95,98
47,46,88,87
49,46,92,89
53,46,98,100
115,46,91,96
163,47,92,94
224,47,99,105
262,46,92,99
254,46,91,87
271,46,97,98
282,47,95,96
294,47,89,86
297,48,95,94
343,52,96,101
327,59,97,90
310,98,119,106
342,230,194,166
402,348,276,228
371,420,356,300
353,495,443,390
352,519,481,437
369,555,519,481
375,579,559,529
349,594,576,550
340,589,578,556
368,572,580,573
351,585,580,576
370,583,571,565
398,588,584,580
412,593,588,582
379,598,583,571
385,605,599,587
410,597,598,593
405,598,587,582
388,597,590,584
359,614,606,596
389,618,602,591
358,575,584,581
381,558,577,579
374,559,555,556
406,525,534,543
414,507,523,534
395,483,491,501
423,422,446,464
367,393,419,438
438,385,396,411
364,369,369,377
390,283,325,352
402,250,278,305
462,206,226,254
401,138,180,210
412,65,118,155
389,53,94,113
374,50,99,109
375,50,94,102
359,49,90,88
362,48,95,94
303,47,93,94
354,46,88,87
326,46,93,90
338,46,98,98
330,47,89,89
329,47,92,89
324,46,98,100
325,47,94,92
343,48,93,89
344,48,99,100
352,48,93,96
333,47,91,85
307,46,97,95
357,45,92,96
332,45,88,84
338,46,93,92
346,48,94,97
386,50,90,89
400,52,95,92
367,95,122,114
408,277,214,172
447,333,279,235
442,371,341,299
450,412,377,340
495,437,406,377
286,511,468,424
401,575,529,488
465,546,530,507
438,431,478,487
422,348,406,431
347,573,486,456
370,601,554,518
438,628,596,565
406,608,593,570
401,608,603,587
377,669,641,618
418,585,602,597
394,526,556,568
376,503,529,547
357,532,519,522
374,582,551,538
388,619,594,575
398,630,607,586
353,619,611,592
406,572,594,596
400,583,581,583
396,547,554,559
466,569,566,570
472,503,525,538
463,482,490,502
485,469,484,493
461,459,464,471
461,430,434,444
443,368,397,415
460,308,345,371
431,231,268,298
422,148,200,240
404,58,128,174
397,55,94,122
400,52,97,111
394,50,95,105
388,49,90,90
384,50,95,93
376,50,97,102
398,50,91,92
323,48,93,87
317,47,98,99
262,48,91,89
263,48,95,87
227,49,100,97
216,49,93,94
204,48,91,86
168,47,99,94
135,46,92,93
145,46,89,84
110,46,93,89
129,46,94,97
132,47,88,85
80,49,94,87
130,48,98,101
117,46,88,89
151,46,95,91
142,46,98,100
174,46,91,95
202,45,91,90
184,46,98,99
250,46,92,98
260,46,91,88
253,47,96,96
260,48,93,98
270,48,90,87
283,48,94,93
304,48,94,98
322,47,88,87
313,46,95,89
288,46,96,98
329,45,88,90
293,45,91,86
346,46,99,103
339,47,93,96
349,50,94,90
349,63,106,104
352,177,161,139
356,239,199,168
354,348,291,244
458,441,379,326
364,513,446,388
340,550,506,455
383,589,557,515
403,606,578,543
354,604,590,564
385,587,597,583
400,590,584,576
292,581,578,571
271,585,586,580
260,593,582,572
102,601,585,568
64,592,594,584
59,570,578,574
53,563,561,559
49,549,559,561
47,527,540,542
46,556,539,533
47,550,549,547
48,521,531,533
48,565,540,529
50,550,550,540
54,552,551,544
60,552,541,536
90,571,558,548
284,573,571,573
328,596,577,568
310,582,575,568
308,578,583,575
349,551,556,557
316,546,546,548
315,503,525,535
315,404,449,475
321,276,344,391
317,169,248,308
328,59,142,206
313,52,95,141
290,48,99,122
290,46,92,105
277,45,91,92
260,46,97,99
213,46,92,93
207,46,92,85
181,46,95,93
114,45,92,91
96,44,87,81
64,45,92,87
61,46,94,94
59,46,88,85
54,46,92,87
51,46,97,99
56,46,90,91
51,45,91,87
50,47,99,99
49,48,93,97
48,49,92,87
49,47,96,95
51,46,92,95
51,45,88,85
55,45,92,89
60,47,95,97
56,47,88,87
57,47,93,90
56,47,98,99
91,47,91,94
129,48,92,91
132,47,99,101
200,47,93,100
245,47,91,90
257,48,97,99
240,48,93,96
296,48,91,90
311,48,95,95
313,49,95,98
299,48,89,85
278,48,93,88
316,49,97,102
289,50,91,90
335,51,95,94
326,54,102,104
339,111,124,114
361,237,196,162
301,404,320,261
390,499,421,357
348,518,469,412
349,584,540,490
350,573,560,527
395,599,576,545
362,600,591,571
356,575,583,577
314,579,569,560
337,595,584,575
381,595,593,588
348,596,583,572
299,590,587,575
282,555,574,573
271,587,571,566
240,581,572,564
180,604,594,581
146,567,572,565
96,591,577,565
66,607,602,587
56,583,586,579
59,584,578,575
57,595,591,586
57,576,580,578
69,594,581,574
188,595,592,591
235,603,596,595
261,591,582,578
357,593,591,592
361,599,594,591
372,598,586,578
314,602,596,583
329,582,589,585
380,503,529,546
398,456,483,506
367,333,401,442
321,249,302,347
290,107,188,248
312,51,123,181
279,50,90,123
286,49,94,106
286,48,98,107
223,48,90,91
271,49,94,92
199,50,100,101
295,49,94,100
271,47,92,89
252,46,98,98
236,47,92,94
232,48,90,85
228,48,96,93
242,47,93,96
204,46,88,84
243,45,92,90
301,45,94,100
263,45,87,86
305,46,93,95
326,47,98,102
272,48,90,90
296,47,92,89
284,46,99,102
272,45,92,94
239,45,91,85
273,46,98,99
284,49,93,97
292,50,91,85
295,50,97,95
297,53,96,99
340,55,93,91
382,54,96,96
359,64,104,105
337,197,168,138
340,271,227,190
343,356,306,264
344,450,383,331
377,535,465,407
355,568,530,482
349,571,551,516
346,582,562,535
366,575,577,560
283,580,575,560
356,569,562,559
353,582,576,570
332,588,581,572
314,598,580,567
338,589,587,580
365,628,614,598
331,590,590,581
343,599,594,591
347,601,600,597
309,580,578,574
291,598,586,577
246,565,579,577
235,605,587,572
210,604,591,579
281,604,605,602
322,594,590,590
331,581,579,579
225,584,586,581
233,584,580,575
169,580,574,564
111,588,588,577
70,583,584,576
51,583,572,565
48,565,573,572
48,558,565,562
48,560,551,547
49,571,565,562
52,562,562,559
64,543,543,540
160,588,572,564
162,605,591,580
254,596,584,579
336,579,580,583
300,555,568,576
369,563,554,556
405,586,568,562
389,573,577,570
463,518,534,543
408,355,427,467
379,219,312,374
330,75,174,250
324,55,102,161
303,49,100,133
303,47,94,110
270,47,92,95
258,48,99,102
226,47,92,98
183,46,90,83
84,46,96,89
51,45,92,91
45,45,88,82
44,45,92,88
43,44,93,96
43,44,87,84
43,46,92,87
43,47,98,99
43,47,90,91
44,46,92,88
44,46,99,100
43,47,92,95
43,48,92,86
43,47,97,96
44,46,93,95
43,46,89,85
43,46,93,91
42,45,94,98
42,45,89,86
42,45,92,88
42,46,97,99
42,45,88,90
43,44,91,87
42,44,97,99
43,44,91,94
42,44,90,85
42,45,96,94
42,45,92,94
42,45,88,83
42,45,93,90
43,46,94,96
43,46,88,85
42,47,93,89
42,47,98,101
41,47,90,90
42,47,92,88
42,46,99,100
42,45,91,94
42,45,90,86
42,44,96,96
42,45,92,93
41,45,89,84
40,45,93,91
41,45,93,96
41,46,87,84
42,45,92,88
42,45,96,98
42,46,89,89
43,46,92,87
42,45,98,99
43,45,91,93
43,45,90,85
42,45,96,96
43,45,91,94
43,45,88,84
43,45,93,92
43,45,95,96
43,46,88,85
43,46,92,88
42,46,96,98
42,46,89,89
42,46,92,88
41,46,98,99
41,46,92,95
41,47,91,88
42,47,97,97
42,46,92,95
42,46,89,85
42,46,93,90
42,46,94,96
42,46,88,85
42,46,93,89
41,46,96,99
41,45,89,89
40,45,91,87
39,45,98,99
39,45,91,94
40,45,91,86
41,46,97,96
43,45,92,94
44,45,89,86
47,46,93,91
50,46,93,96
53,46,88,85
87,46,92,91
127,45,96,101
164,46,89,92
208,45,92,91
227,45,98,102
224,45,91,95
290,45,91,91
284,45,97,99
262,46,92,94
275,47,90,86
289,48,96,95
307,50,95,98
362,56,94,92
407,96,119,110
362,196,174,150
324,326,255,207
372,365,316,271
381,469,413,358
364,515,464,413
376,540,503,464
367,560,541,511
377,582,560,534
353,593,571,548
360,596,592,576
373,600,596,582
374,593,584,575
351,593,593,589
344,584,585,582
352,589,577,570
348,614,600,588
351,597,598,592
369,594,588,579
354,609,599,590
365,603,603,599
385,594,586,582
393,572,576,576
372,595,590,584
373,617,596,583
324,628,613,594
370,638,632,621
362,590,600,601
402,639,617,609
382,603,614,613
374,616,610,602
316,585,588,585
308,606,603,599
305,613,603,596
286,618,602,591
284,581,595,595
262,606,597,592
237,526,549,554
249,599,579,572
237,613,597,587
221,616,597,582
223,593,596,591
216,611,606,598
250,593,588,583
198,598,593,583
190,588,595,588
188,596,586,579
173,550,561,563
148,653,618,600
139,590,592,584
192,592,589,587
403,612,609,613
277,625,608,596
350,601,602,595
407,607,609,609
396,630,615,607
392,623,611,603
357,642,633,624
383,624,625,621
395,616,610,606
401,593,606,607
400,556,574,583
408,545,546,555
391,533,539,546
370,506,519,526
374,487,490,496
389,487,489,493
376,484,489,487
330,440,450,454
382,425,434,445
363,420,428,435
378,374,387,398
357,352,364,375
361,322,345,359
378,315,322,329
358,303,305,311
332,281,297,308
354,313,300,299
349,307,297,293
347,261,283,291
316,250,260,266
328,184,211,225
347,156,184,205
361,135,156,176
301,85,112,130
317,69,109,124
313,67,103,113
303,102,119,111
312,135,143,132
329,161,156,147
352,167,155,146
333,221,195,177
361,241,225,210
345,278,246,222
369,332,295,265
396,358,339,311
426,368,347,325
384,383,365,345
347,394,386,371
329,397,386,373
422,406,394,386
365,402,403,396
331,390,392,385
343,443,414,399
375,415,420,417
358,429,421,414
359,373,385,389
379,384,388,393
367,396,390,388
352,373,373,368
305,370,373,370
336,408,393,386
365,390,381,374
325,375,378,375
357,361,371,373
326,382,367,359
343,399,385,373
350,387,389,384
345,390,380,374
337,393,383,376
369,366,379,382
400,339,349,355
352,313,323,329
340,321,330,332
328,334,324,322
346,338,326,323
330,325,329,329
313,326,323,320
304,260,281,287
324,244,264,278
340,283,272,277
358,249,249,253
315,275,267,263
290,303,286,274
337,294,282,273
326,293,293,284
343,301,297,290
340,286,282,280
328,300,292,286
341,381,345,323
354,315,320,313
353,330,324,317
382,348,345,336
356,325,325,319
364,389,359,344
248,369,368,354
228,404,383,365
253,462,422,395
319,452,446,432
363,469,458,442
397,508,479,461
425,503,499,490
387,521,507,494
395,512,501,490
373,549,533,517
364,551,540,525
374,554,539,526
412,560,552,543
376,577,565,553
345,597,572,554
414,564,570,566
416,583,581,573
402,599,580,567
382,604,592,581
422,597,598,593
414,627,604,590
385,592,594,588
124,412,492,515
618,686,600,589
352,607,595,575
389,611,610,597
371,616,606,595
372,630,614,605
396,624,623,618
370,630,622,613
414,616,611,608
517,591,603,610
461,642,623,611
411,608,604,594
298,469,527,550
121,76,272,364
43,45,138,222
42,45,95,156
42,45,91,121
41,44,88,97
43,45,92,95
42,45,93,99
41,46,88,88
42,47,93,93
42,48,98,102
43,49,92,93
43,50,94,90
43,48,99,100
42,47,92,95
42,46,90,86
42,46,95,95
42,45,92,97
42,46,91,84
43,47,93,89
43,47,94,96
43,46,88,86
43,47,93,89
43,47,97,99
43,47,90,91
43,47,92,88
43,47,98,101
44,45,94,94
43,45,90,85
43,45,95,94
43,45,92,94
42,45,88,84
41,45,92,88
42,45,93,95
42,45,87,88
42,45,94,89
42,46,99,98
42,46,90,91
42,46,92,87
42,46,98,99
43,45,91,94
43,45,90,85
43,45,95,94
43,45,91,96
43,46,91,84
42,46,95,88
42,46,94,96
42,46,88,86
42,47,93,89
42,46,98,99
42,46,91,93
42,45,91,88
42,46,98,101
42,46,94,94
42,46,90,85
42,46,96,94
42,47,92,95
42,47,88,85
42,47,93,89
43,46,95,97
43,46,88,90
43,47,95,89
42,47,100,99
42,47,91,92
42,46,92,88
42,46,98,99
42,46,92,94
42,46,90,85
42,46,95,96
42,46,93,96
43,46,90,84
43,46,92,89
43,46,95,97
42,46,88,88
42,47,93,89
42,46,98,100
41,46,91,95
41,45,91,89
41,45,99,98
41,46,91,94
41,46,90,85
41,46,95,93
41,46,92,95
42,45,87,84
41,45,92,89
41,44,94,99
41,45,87,89
41,45,94,88
42,45,97,99
42,45,91,92
42,45,91,87
41,45,97,98
41,45,91,94
42,45,89,85
42,45,94,95
42,44,94,95
42,44,89,83
43,43,91,87
43,44,94,96
42,44,87,87
42,44,91,87
42,44,97,98
42,44,90,92
42,44,90,89
42,45,99,97
42,45,93,93
42,44,89,84
43,45,94,92
42,45,92,94
43,45,87,84
43,45,92,88
42,45,95,97
42,45,88,90
42,45,91,89
42,43,99,98
42,43,90,93
42,44,90,86
42,45,97,96
42,45,91,94
42,46,89,85
43,47,94,92
42,46,93,98
43,46,87,86
42,47,95,89
42,46,96,98
42,46,88,89
42,46,92,88
42,46,98,99
42,45,91,94
42,44,90,86
42,45,96,99
42,46,94,94
42,46,91,84
42,46,93,91
41,48,94,96
41,46,87,85
41,46,92,89
41,47,97,99
42,47,89,89
42,46,92,91
43,45,100,99
43,45,91,94
43,45,90,86
42,45,96,96
43,44,91,93
42,44,88,83
42,45,93,90
41,45,92,96
40,45,89,84
41,46,94,88
42,47,97,99
43,46,89,89
42,45,92,88
41,45,98,99
41,45,91,93
41,45,90,85
42,45,96,96
42,45,92,93
42,45,89,83
42,45,92,89
42,45,92,95
42,44,87,84
41,44,92,88
41,45,96,99
41,45,89,89
41,45,91,90
41,45,100,99
42,45,91,94
42,45,90,86
42,45,96,95
42,45,91,94
42,45,88,84
42,44,92,91
42,45,92,97
42,45,89,84
43,45,94,87
42,45,96,98
42,44,88,89
42,45,92,87
42,46,98,99
42,45,91,93
41,45,90,87
41,45,96,97
42,44,93,93
41,43,87,82
40,43,91,88
40,43,92,94
40,43,86,84
40,43,91,87
40,43,96,98
40,44,88,90
40,45,91,89
41,45,100,98
41,45,91,93
41,46,91,85
41,46,96,95
41,46,92,94
41,45,88,84
41,44,92,92
41,44,95,96
42,45,89,84
42,45,91,87
42,45,96,98
42,45,89,89
42,45,91,87
42,45,98,98
42,45,91,96
42,45,90,87
42,45,98,94
42,46,92,94
43,46,89,84
43,46,92,89
42,47,94,96
42,46,87,85
42,45,92,88
41,44,96,101
42,44,91,90
42,45,91,87
42,45,97,98
42,45,91,94
42,47,91,86
42,47,96,95
41,46,92,95
42,44,87,87
42,44,94,89
42,45,95,95
42,45,87,85
41,45,92,88
41,45,97,99
42,45,89,90
42,45,92,87
42,45,98,100
41,45,94,94
42,45,92,84
43,45,95,94
42,45,92,94
43,46,88,84
43,47,93,89
42,45,94,96
42,45,87,85
42,44,91,90
43,44,99,99
43,45,92,90
43,45,91,87
42,45,98,99
42,45,92,94
42,44,89,85
42,43,94,94
41,44,91,95
41,45,88,86
41,46,95,88
42,45,93,96
41,44,86,85
41,44,91,87
41,44,97,99
41,44,90,91
41,44,91,87
41,44,98,101
42,44,93,94
42,45,89,84
42,44,95,93
43,45,91,94
43,46,88,84
42,48,93,89
43,47,95,98
43,46,88,89
42,45,92,90
42,45,99,100
42,44,89,91
42,44,91,87
42,44,98,99
42,44,91,94
41,44,89,84
42,45,95,94
42,46,92,97
42,46,88,85
41,44,94,88
42,43,94,97
42,44,87,86
43,44,91,87
42,44,97,99
41,44,90,92
41,44,90,86
41,44,97,100
41,44,93,94
41,45,89,84
42,46,95,93
42,46,92,95
42,46,88,84
43,46,93,89
42,45,95,98
42,45,87,90
42,44,91,89
41,44,100,100
42,44,89,92
42,43,90,85
42,42,97,98
42,42,90,93
41,43,87,85
42,44,94,95
41,45,94,95
41,45,87,83
41,46,92,88
41,46,95,98
41,45,87,87
41,46,92,88
41,46,98,100
42,46,90,93
42,45,93,86
43,45,98,99
43,45,91,94
42,45,89,84
42,45,95,93
43,44,92,95
42,44,86,83
42,43,91,89
42,43,96,97
42,43,88,85
42,44,90,85
42,44,97,99
42,44,90,92
42,44,90,86
42,44,97,98
42,44,91,94
42,44,88,86
42,43,96,92
42,43,91,94
42,44,86,82
41,45,91,87
41,46,95,97
41,47,88,87
41,46,92,87
42,45,98,101
42,45,93,92
41,45,91,85
42,45,98,98
42,45,91,95
42,45,89,84
42,46,95,93
43,46,92,95
42,46,87,85
42,45,92,90
42,44,97,98
42,45,87,87
42,45,91,87
42,45,98,99
43,44,90,92
42,45,103,145
41,46,98,104
1018,46,94,96
41,46,89,85
41,46,95,94
41,47,93,96
42,47,87,57
41,46,95,75
41,46,95,91
42,46,87,82
42,46,92,86
42,47,99,99
42,46,90,91
42,46,91,87
42,46,101,100
42,47,92,95
42,46,90,85
42,46,96,95
42,46,92,95
42,46,88,84
42,46,93,89
42,46,94,97
42,47,87,85
43,46,92,88
43,46,98,100
43,46,89,91
43,46,92,87
43,46,99,100
43,46,92,95
43,46,91,86
43,46,97,96
43,46,92,95
43,46,89,85
42,46,95,91
42,46,94,97
42,46,87,85
43,46,92,88
42,46,97,99
42,46,89,90
42,46,92,88
42,46,99,101
42,46,92,94
42,46,91,86
42,46,97,96
42,46,92,95
42,46,88,84
42,46,93,90
42,46,94,96
41,46,87,85
41,45,92,87
42,45,97,99
41,45,89,90
41,45,91,87
42,45,98,99
41,45,91,94
41,45,90,85
42,45,96,97
42,45,91,94
42,45,88,83
41,45,93,90
41,45,93,96
41,45,86,84
42,45,92,88
41,45,97,99
41,45,89,90
41,44,91,87
41,45,101,99
41,45,91,94
41,45,90,85
41,45,96,95
41,45,91,94
41,45,88,84
41,44,95,90
41,45,93,96
41,45,87,84
41,45,92,88
41,45,96,99
41,45,88,89
41,44,91,88
41,45,98,100
41,45,91,94
41,45,90,85
41,45,97,97
41,45,91,94
41,44,88,85
41,45,93,91
41,44,93,95
41,45,86,83
41,45,92,88
41,44,96,99
42,44,88,88
41,45,91,87
41,44,98,100
41,44,93,94
41,44,90,86
41,44,97,97
41,44,91,94
41,44,88,83
41,44,93,91
41,44,92,95
41,44,86,85
41,45,91,88
41,44,96,98
41,44,88,88
41,44,91,87
41,44,98,99
41,44,91,94
41,44,90,85
41,44,97,98
41,44,91,94
41,45,88,84
41,44,93,90
41,44,92,95
41,44,87,84
41,44,92,87
41,44,96,98
41,45,88,89
41,44,94,88
41,45,98,100
42,44,91,94
41,44,90,86
42,45,97,97
41,44,91,94
41,44,88,84
41,45,94,92
41,45,92,95
41,44,86,83
41,44,92,88
42,44,95,98
41,45,88,88
41,45,91,87
41,45,98,101
41,45,91,94
41,45,90,86
42,45,97,97
42,44,91,94
41,45,89,84
41,45,94,92
41,44,92,97
41,44,87,84
41,44,92,88
41,45,95,98
41,45,88,88
42,45,91,87
42,45,98,100
41,45,91,93
41,45,90,86
41,45,97,97
41,44,91,94
42,44,89,84
42,45,94,92
41,45,92,95
41,44,87,85
41,44,92,88
41,44,95,97
41,45,87,87
41,44,91,87
42,44,98,99
41,45,91,93
41,44,90,88
41,45,97,98
41,44,91,94
41,44,89,84
42,44,95,93
42,44,92,95
41,44,87,84
41,45,92,89
41,44,97,98
41,44,87,86
41,44,92,88
41,44,97,99
41,44,90,92
41,44,91,86
42,44,97,98
41,44,91,94
41,44,89,84
41,45,95,93
41,44,92,95
42,44,87,84
41,45,92,88
41,44,94,97
41,44,87,86
41,44,91,87
41,45,97,99
41,44,90,92
41,45,91,86
42,44,97,98
41,45,91,94
41,44,89,84
42,44,95,93
41,44,92,95
41,44,87,83
41,44,92,88
41,44,94,97
41,44,87,85
41,44,91,87
41,44,97,99
41,45,92,91
41,44,91,86
41,45,98,98
41,45,91,94
41,44,89,84
41,44,95,93
41,45,91,96
41,45,87,83
41,44,92,88
41,44,94,96
41,44,87,85
42,44,92,87
41,44,97,99
41,44,89,91
41,44,91,87
41,44,100,99
41,45,91,94
41,45,89,84
41,44,96,94
41,45,91,94
41,44,88,85
41,45,92,89
41,45,93,96
41,44,87,85
41,44,92,87
41,44,96,99
41,44,89,90
41,44,91,87
41,44,98,99
41,44,91,94
41,44,90,85
41,44,96,95
41,44,91,94
41,44,88,84
41,44,92,89
41,44,93,95
41,44,87,84
41,44,91,87
41,44,96,98
41,44,88,89
41,44,91,87
41,44,97,99
41,44,91,93
41,44,90,85
41,44,96,95
41,44,91,94
41,44,88,84
41,44,93,90
41,44,93,95
41,44,87,83
41,44,91,87
41,44,96,98
41,44,88,88
41,44,91,87
41,44,98,99
41,44,91,94
41,44,90,85
41,44,96,96
41,44,91,94
41,44,88,84
41,44,93,90
41,44,92,95
41,44,87,86
41,44,92,88
41,44,95,98
41,44,88,88
42,44,91,87
41,44,97,98
41,44,91,93
41,44,90,86
41,44,96,96
41,44,91,94
41,45,88,84
41,44,93,90
41,44,92,95
41,44,87,84
41,45,91,88
41,44,95,98
41,45,88,88
41,44,91,87
42,45,98,99
41,45,91,94
41,44,90,86
41,44,97,98
41,45,91,94
41,45,89,84
41,45,94,91
41,45,92,95
41,45,87,84
41,45,92,89
42,46,95,99
41,45,90,88
42,45,92,88
43,47,98,99
43,48,92,93
43,48,93,88
42,46,98,99
44,47,93,96
44,47,90,86
43,48,96,94
43,48,94,96
44,48,89,85
44,47,93,90
43,48,97,99
43,49,90,89
43,47,93,89
43,47,99,100
43,48,92,93
43,48,92,88
43,46,98,99
43,46,92,95
43,46,89,85
43,46,95,93
44,46,93,95
44,46,88,84
44,46,93,89
44,47,95,98
44,47,88,87
43,47,93,88
43,47,99,100
43,47,91,92
43,47,92,88
43,47,99,99
43,46,92,95
43,46,90,85
43,46,96,95
43,46,93,97
43,47,89,85
43,47,93,89
43,46,95,97
43,46,88,86
43,46,92,89
43,47,98,100
43,46,90,91
43,46,91,87
42,46,99,100
42,46,92,95
42,46,90,86
42,46,97,96
42,46,93,95
42,46,89,85
42,46,93,90
42,46,94,97
42,46,88,86
42,47,92,89
43,47,98,100
43,47,90,91
44,48,93,89
45,50,100,101
45,52,95,97
47,54,95,90
49,72,111,106
56,134,138,126
118,251,201,170
281,372,305,261
406,464,398,350
518,549,475,420
632,639,569,513
713,716,658,602
750,758,707,655
787,791,755,710
821,819,798,765
843,845,816,789
859,859,834,810
876,877,862,843
891,891,873,851
901,901,879,861
910,911,900,887
919,920,904,891
926,927,906,891
931,933,923,911
937,939,928,916
942,943,926,910
943,944,936,925
943,944,937,930
946,947,928,918
946,948,938,928
947,948,943,933
947,947,932,921
947,947,939,927
947,947,944,935
946,947,933,925
946,947,935,925
946,946,943,936
945,945,933,924
946,946,934,924
948,946,945,936
946,957,938,928
945,947,935,927
946,949,942,937
948,950,938,930
948,948,933,924
950,950,945,937
952,952,946,936
954,954,937,927
957,957,949,943
959,959,950,942
960,961,943,932
965,965,956,944
967,967,959,949
969,969,951,940
972,965,959,949
975,975,967,959
976,976,959,947
978,976,966,954
980,980,978,965
980,981,966,955
981,981,968,958
982,981,977,970
982,985,970,961
983,973,952,949
983,979,970,963
984,990,973,959
984,983,967,956
984,982,979,972
984,985,974,966
984,985,966,956
984,984,977,969
985,985,978,969
985,984,969,956
985,985,978,968
986,985,978,971
987,987,967,956
987,986,975,965
987,985,978,968
988,989,970,957
989,987,976,962
989,988,981,970
990,989,970,960
990,989,972,960
991,989,982,971
992,990,973,960
992,991,974,960
993,992,985,972
993,992,976,964
994,992,974,963
995,994,983,973
996,991,979,967
997,996,975,962
999,996,987,975
998,997,987,973
1000,998,978,965
1001,999,988,977
1001,1000,987,976
1002,1000,983,967
1003,1001,988,977
1002,1001,990,979
1004,1002,983,972
1004,1002,990,978
1004,1003,992,982
1004,1003,984,973
1004,1003,990,978
1005,1003,993,982
1005,1003,987,975
1005,1004,991,981
1005,1004,994,984
1006,1004,990,976
1006,1005,991,979
1006,1004,996,986
1006,1004,990,980
1006,1005,992,981
1006,1005,1003,989
1007,1005,993,982
1006,1005,993,982
1006,1005,998,990
1006,1006,992,983
1007,1006,994,982
1007,1006,997,988
1007,1005,993,983
1007,1006,993,982
1007,1006,998,989
1007,1006,995,986
1007,1007,992,983
1007,1006,999,988
1007,1006,992,984
1007,1006,991,981
1009,1006,997,990
1007,1005,995,986
1007,1006,994,982
1007,1006,997,988
1007,1006,997,987
1007,1006,993,983
1008,1006,998,989
1007,1006,997,989
1008,1007,992,984
1007,1007,997,988
1007,1005,997,988
1008,1008,994,984
1007,1007,997,990
1007,1007,997,989
1008,1006,995,983
1008,1007,996,986
1008,1006,998,989
1007,1006,994,985
1008,1007,996,987
1008,1008,999,990
1008,1007,994,985
1008,1008,996,986
1008,1007,999,990
1008,1007,994,985
1008,1007,995,988
1007,1007,998,990
1008,1008,996,984
1008,1008,996,986
1008,1007,999,990
1007,1008,995,987
1008,1007,995,985
1007,1006,1001,990
1008,1007,995,986
1008,1007,994,985
1008,1006,998,992
1008,1007,995,986
1008,1007,996,984
1008,1007,998,989
1008,1007,996,987
1008,1007,994,984
1008,1007,998,989
1008,1007,997,990
1008,1007,993,984
1008,1007,999,988
1008,1007,997,987
1008,1007,993,983
1008,1007,997,990
1008,1009,998,989
1008,1007,996,983
1008,1007,997,987
1008,1007,997,988
1008,1007,993,983
1008,1007,996,987
1008,1007,998,991
1007,1006,992,983
1008,1007,998,986
1008,1007,998,989
1008,1007,995,984
1008,1007,997,989
1007,1007,997,989
1008,1007,995,983
1008,1007,995,985
1008,1007,999,988
1008,1007,994,984
1008,1007,995,985
1007,1007,999,991
1008,1007,993,984
1008,1005,995,983
1008,1005,998,989
1008,1010,989,982
1008,1006,992,984
1007,1002,996,987
1008,1009,997,984
1008,1003,994,984
1008,1006,998,989
1008,1007,995,986
1008,1007,993,983
1008,1007,998,991
1008,1007,995,986
1008,1007,994,982
1007,1007,997,988
1008,1006,996,987
1008,1007,993,985
1007,1007,996,988
1008,1007,998,987
1008,1007,993,983
1007,1006,997,987
1008,1007,997,988
1008,1007,993,983
1008,1006,997,989
1008,1007,997,988
1009,1007,994,982
1008,1007,996,986
1008,1007,998,988
1007,1006,993,985
1008,1007,995,986
1008,1007,999,987
1008,1007,993,982
1008,1007,996,986
1008,1007,999,989
1008,1008,992,983
1008,1007,994,985
1008,1007,997,989
1008,1007,995,983
1008,1007,995,984
1008,1007,999,989
1008,1007,994,987
1008,1007,994,985
1008,1007,1000,989
1008,1007,995,985
1008,1007,994,984
1008,1007,999,992
1008,1007,994,986
1008,1007,996,984
1008,1007,999,990
1008,1006,995,986
1008,1007,993,984
1008,1009,999,990
1008,1008,997,988
1008,1007,992,984
1008,1007,999,988
1008,1006,996,987
1008,1007,993,983
1008,1007,997,990
1008,1007,996,988
1008,1007,994,982
1008,1007,997,987
1008,1007,997,988
1008,1007,993,982
1008,1007,997,987
1008,1007,997,990
1008,1007,991,982
1008,1007,997,985
1008,1007,997,987
1008,1007,993,982
1008,1007,996,988
1008,1007,997,988
1008,1007,995,982
1008,1007,995,985
1008,1007,998,989
1008,1007,994,983
1008,1007,994,984
1008,1007,999,990
1008,1007,993,984
1008,1007,995,983
1008,1007,998,989
1008,1007,994,984
1008,1007,994,986
1008,1007,998,989
1008,1007,996,984
1008,1007,993,983
1008,1007,998,989
1008,1007,995,985
1008,1007,994,983
1007,1007,1001,989
1008,1007,996,986
1008,1007,993,983
1008,1007,998,991
1007,1007,995,987
1008,1007,995,983
1008,1007,998,989
1008,1007,997,986
1008,1007,993,982
1008,1007,998,988
1008,1007,998,990
1008,1007,992,983
1009,1007,999,987
1008,1007,997,988
1008,1007,992,982
1008,1007,997,989
1008,1007,997,989
1008,1007,994,982
1008,1007,996,986
1008,1007,998,988
1007,1007,993,982
1009,1007,996,986
1008,1007,999,991
1008,1007,992,983
1008,1007,997,985
1008,1007,999,989
1008,1007,994,984
1008,1007,995,987
1008,1007,999,990
1008,1007,997,985
1008,1007,995,985
1008,1007,1000,990
1008,1007,995,987
1008,1007,993,984
1008,1007,1001,989
1008,1007,995,985
1008,1007,994,984
1010,1007,1000,993
1008,1007,995,986
1007,1007,996,984
1008,1007,1000,991
1007,1007,996,987
1008,1007,994,986
1008,1007,998,991
1007,1007,998,987
1008,1007,993,983
1008,1007,999,990
1008,1007,997,990
1009,1007,992,983
1008,1007,1000,989
1008,1007,998,989
1008,1007,993,983
1009,1007,998,991
1008,1007,998,990
1008,1007,995,983
1008,1008,998,989
1008,1007,999,990
1008,1007,993,983
1008,1007,997,988
1010,1007,999,992
1007,1007,992,983
1008,1007,998,986
1008,1007,999,989
1008,1007,993,983
1008,1007,996,988
1008,1007,998,990
1008,1007,995,983
1008,1007,995,985
1008,1007,1000,990
1007,1007,994,986
1008,1007,994,985
1008,1007,1001,989
1008,1007,994,984
1008,1007,995,984
1008,1007,1000,993
1007,1007,994,985
1007,1007,996,984
1008,1007,999,990
1008,1007,995,985
1008,1007,994,985
1010,1007,1000,991
1008,1007,997,985
1008,1007,993,983
1008,1007,999,989
1009,1007,996,987
1008,1007,993,983
1009,1007,1001,990
1008,1007,997,987
1008,1007,993,983
1008,1007,999,992
1008,1007,996,988
1008,1007,994,982
1008,1007,998,989
1008,1007,997,988
1008,1007,992,982
1008,1007,998,989
1008,1007,998,991
1007,1006,992,984
1008,1007,1000,989
1008,1007,999,990
1008,1007,993,983
1008,1007,997,988
1008,1007,997,989
1007,1007,994,981
1008,1006,995,985
1008,1007,998,989
1008,1007,993,984
1007,1006,994,985
1008,1007,1000,988
1007,1007,993,982
1007,1007,995,984
1008,1007,999,992
1007,1007,992,983
1008,1007,996,984
1008,1007,999,990
1008,1007,994,984
1008,1007,994,983
1008,1007,1000,990
1008,1007,996,984
1008,1007,993,983
1008,1007,999,990
1008,1007,995,985
1008,1007,993,983
1008,1007,999,992
1007,1006,995,986
1008,1007,995,982
1008,1007,998,989
1008,1008,995,986
1008,1007,992,984
1008,1007,998,989
1009,1007,998,986
1008,1007,992,982
1008,1007,998,989
1008,1007,997,988
1008,1007,992,982
1007,1007,998,989
1008,1007,997,989
1007,1007,993,981
1008,1007,997,988
1008,1007,998,989
1008,1007,992,984
1008,1007,996,987
1008,1007,1000,988
1008,1007,992,981
1008,1006,996,986
1008,1007,999,991
1009,1008,992,982
1008,1007,997,985
1007,1007,999,989
1008,1007,993,983
1008,1007,995,986
1007,1007,1000,990
1007,1007,995,982
1008,1007,994,984
1008,1007,999,990
1008,1007,993,984
1008,1007,994,983
1008,1007,1002,991
1007,1007,994,985
1008,1007,994,984
1008,1007,1000,991
1007,1007,995,985
1008,1007,995,983
1007,1007,1000,991
1008,1006,995,986
1008,1007,994,986
1008,1007,998,991
1007,1007,997,986
1008,1007,993,983
1008,1007,999,990
1008,1006,997,987
1008,1007,993,983
1009,1008,999,992
1007,1007,996,988
1008,1007,993,981
1009,1007,998,989
1008,1007,998,989
1008,1007,992,984
1008,1008,997,989
1008,1007,1000,988
1008,1007,991,981
1008,1008,997,987
1008,1007,998,991
1008,1007,991,981
1008,1007,998,986
1008,1007,998,989
1008,1007,992,981
1008,1007,996,986
1008,1007,999,989
1008,1007,993,983
1008,1007,994,985
1008,1007,1001,989
1008,1007,993,982
1008,1007,995,984
1008,1007,1000,991
1008,1007,993,983
1008,1007,994,984
1008,1007,999,991
1008,1008,994,984
1008,1007,994,984
1008,1007,1000,990
1008,1007,994,984
1008,1007,994,984
1008,1007,1000,991
1008,1007,997,984
1008,1007,993,983
1008,1007,999,990
1008,1007,995,985
1008,1007,993,982
1008,1007,999,992
1008,1007,995,986
1008,1007,994,982
1008,1007,998,989
1008,1007,996,987
1008,1007,993,985
1008,1007,998,990
1008,1007,999,989
1008,1007,992,983
1008,1007,998,989
1008,1007,997,988
1008,1007,992,982
1008,1007,997,989
1008,1007,996,988
1008,1007,993,980
1008,1007,997,987
1008,1007,998,989
1008,1007,993,984
1008,1007,997,987
1008,1007,1002,990
1008,1006,994,984
1008,1007,996,987
1008,1007,999,992
1008,1007,992,983
1008,1007,997,984
1008,1007,999,989
1008,1007,994,984
1008,1007,996,986
1008,1007,1000,991
1007,1007,997,985
1008,1007,995,985
1008,1007,999,990
1008,1007,995,985
1008,1007,995,985
1008,1007,999,992
1008,1007,994,985
1008,1007,996,984
1005,1007,999,990
1008,1007,995,986
1008,1007,994,986
1008,1007,998,990
1008,1007,998,987
1008,1007,994,984
1008,1007,999,989
1008,1007,997,987
1008,1007,994,984
1008,1007,998,991
1008,1007,996,988
1008,1007,994,982
1008,1007,997,988
1008,1007,997,988
1008,1007,993,984
1008,1002,998,988
1008,1007,998,989
1008,1007,993,984
1008,1007,997,987
1008,1007,998,988
1008,1007,994,983
1008,1007,997,989
1008,1007,997,988
1008,1007,995,982
1007,1007,996,985
1008,1007,998,988
1008,1007,993,983
1008,1007,995,986
1008,1007,998,990
1008,1006,993,984
1008,1007,994,984
1008,1007,998,989
1007,1006,994,984
1008,1007,994,986
1007,1007,997,989
1008,1007,995,983
1008,1007,994,983
1008,1006,998,988
1007,1007,994,984
1008,1007,994,984
1007,1006,998,990
1007,1006,994,985
1007,1006,995,983
1007,1006,998,988
1007,1005,995,986
1008,1006,993,985
1007,1006,996,988
1007,1006,997,985
1008,1006,992,982
1007,1006,997,987
1007,1006,996,986
1007,1006,992,983
1007,1006,996,988
1007,1006,995,987
1007,1006,994,982
1007,1006,996,986
1007,1006,996,987
1007,1005,992,984
1007,1006,995,986
1007,1006,997,986
1006,1006,992,981
1007,1006,995,985
1007,1006,996,986
1007,1005,992,982
1007,1006,995,986
1007,1006,995,987
1007,1005,994,981
1006,1005,994,984
1006,1004,997,987
1006,1005,992,984
1006,1005,992,983
1006,1005,998,986
1006,1005,992,982
1006,1005,993,983
1006,1005,997,987
1006,1005,993,983
1006,1005,993,984
1006,1005,996,988
1006,1005,993,983
1006,1005,993,983
1006,1005,997,988
1006,1005,994,986
1006,1005,991,983
1006,1005,997,986
1006,1005,993,984
1006,1005,992,982
1006,1005,996,987
1006,1005,994,985
1006,1005,992,983
1006,1004,995,987
1006,1005,996,985
1006,1005,992,982
1006,1005,996,986
1006,1005,995,988
1006,1005,990,981
1006,1005,997,985
1006,1005,995,985
1006,1004,991,981
1006,1005,995,985
1006,1005,995,986
1005,1005,992,982
1007,1005,994,985
1006,1005,995,986
1007,1006,992,982
1006,1005,994,985
1006,1005,996,989
1007,1006,991,982
1007,1005,995,983
1007,1005,996,986
1007,1006,992,982
1007,1006,994,984
1007,1006,997,988
1007,1006,993,984
1007,1006,993,984
1007,1006,997,987
1008,1006,994,984
1007,1006,994,984
1007,1006,998,991
1008,1007,994,985
1008,1007,996,984
1008,1006,998,989
1008,1007,995,985
1008,1007,994,984
1008,1007,998,989
1008,1007,996,987
1008,1007,993,984
1008,1007,998,988
1008,1008,996,986
1008,1007,994,984
1008,1007,998,991
1005,1007,996,988
1008,1007,995,983
1009,1007,998,988
1008,1007,997,987
1008,1007,994,985
1008,1007,998,988
1008,1007,997,988
1008,1007,993,983
1008,1007,997,987
1008,1007,997,987
1008,1007,993,983
1008,1007,997,989
1008,1007,996,988
1008,1007,995,983
1008,1007,996,986
1008,1007,998,988
1008,1007,994,985
1008,1007,996,986
1008,1007,1000,988
1008,1007,994,984
1008,1007,995,985
1008,1007,998,990
1008,1007,993,984
1008,1007,997,985
1008,1007,998,989
1008,1007,995,985
1008,1007,995,985
1008,1007,999,989
1008,1007,995,988
1008,1007,994,985
1007,1007,999,988
1008,1007,995,985
1008,1007,995,985
1008,1007,998,991
1008,1007,995,986
1008,1007,996,985
1008,1007,998,989
1008,1007,996,987
1008,1007,994,985
1008,1006,998,989
1008,1007,997,990
1008,1007,993,985
1008,1007,999,987
1008,1007,996,987
1008,1006,994,984
1008,1007,997,990
1008,1007,996,988
1008,1007,996,984
1008,1007,997,987
1008,1007,997,987
1008,1008,994,984
1008,1007,997,987
1008,1007,997,988
1008,1007,994,985
1008,1007,998,986
1008,1007,997,987
1008,1007,994,984
1008,1007,996,988
1008,1007,996,988
1008,1007,996,984
1008,1007,996,986
1008,1007,998,988
1008,1007,995,985
1008,1007,996,986
1008,1007,998,989
1008,1007,995,986
1008,1007,995,985
1008,1007,997,988
1008,1005,994,985
1008,1005,993,986
1008,1006,995,987
1008,1006,996,984
1008,1007,995,985
1008,1007,997,988
1008,1007,996,988
1008,1007,995,986
1008,1007,998,990
1008,1007,996,987
1008,1007,997,985
1010,1007,997,988
1008,1006,996,987
1008,1007,995,987
1007,1007,996,988
1008,1007,998,986
1008,1009,996,985
1008,1007,998,988
1009,1008,997,988
1008,1007,995,985
1008,1007,997,988
1008,1007,996,987
1008,1007,994,984
1008,1007,996,986
1008,1007,997,987
1008,1008,995,986
1009,1008,995,986
1008,1007,999,987
1008,1007,994,984
1009,1007,996,986
1009,1010,996,987
1009,1008,993,984
1009,1006,996,987
1009,1007,997,988
1009,1007,997,984
1009,1007,995,985
1009,1007,998,988
1008,1007,995,987
1008,1008,995,986
1008,1007,999,988
1008,1008,995,986
1008,1007,996,986
1008,1007,998,989
1008,1007,996,986
1008,1007,995,988
1008,1007,997,988
1008,1007,997,985
1008,1007,995,984
1008,999,995,986
1008,1007,995,985
1008,1007,994,984
1008,1007,997,989
1008,1007,995,987
1008,1007,996,984
1008,1008,998,988
1008,1011,997,987
1018,1007,994,987
1008,1008,996,987
1008,1007,998,986
1008,1008,994,984
1009,1010,997,987
1009,1008,997,986
1008,1007,994,984
1008,1008,997,989
1009,1008,997,988
1008,1007,997,985
1009,1008,998,988
1008,1007,998,989
1008,1007,995,988
1008,1007,996,987
1008,1007,999,988
1009,1008,995,985
1008,1007,996,986
1008,1007,997,988
1009,1008,995,985
1008,1007,996,988
1008,1008,997,988
1008,1008,997,985
1008,1007,996,986
1008,1007,998,989
1009,1008,996,988
1008,1007,995,986
1008,1007,1003,991
1008,1008,997,988
1008,1007,996,987
1008,1008,998,991
1008,1006,995,987
1008,1007,997,986
1008,1008,998,988
1008,1007,997,987
1008,1007,995,985
1008,1007,998,988
1008,1007,997,990
1008,1007,994,985
1009,1007,999,987
1008,1008,996,987
1008,1007,994,985
1008,1007,997,989
1008,1008,996,987
1008,1007,999,986
1008,1007,998,988
1008,1007,998,988
1009,1007,995,985
1009,1008,997,987
1008,1007,997,989
1008,1007,994,985
1008,1008,998,986
1008,1007,997,987
1008,1008,995,985
1009,1008,996,989
1009,1008,997,988
1008,1008,996,984
1008,1007,996,985
1008,1007,998,988
1008,1007,995,985
1008,1007,996,986
1008,1008,998,990
1008,1007,994,986
1008,1007,997,985
1008,1008,998,989
1008,1007,996,986
1008,1007,996,988
1008,1008,998,989
1009,1007,999,987
1008,1007,996,986
1009,1008,998,989
1008,1007,996,987
1008,1007,996,986
1008,1007,998,990
1008,1008,996,987
1009,1008,997,985
1008,1008,998,988
1008,1007,997,987
1008,1008,995,987
1008,1008,997,988
1008,1007,998,987
1009,1008,994,984
1008,1007,997,987
1008,1008,997,987
1009,1008,995,984
1009,1008,997,989
1009,1008,997,988
1009,1008,995,984
1008,1008,997,987
1009,1008,998,988
1008,1007,995,987
1008,1008,996,987
1009,1008,1000,988
1009,1008,995,985
1008,1007,996,986
1009,1008,998,990
1008,1008,994,985
1009,1008,998,985
1008,1008,998,988
1008,1008,995,985
1008,1008,996,986
1008,1008,999,989
1008,1007,995,986
1008,1007,995,986
1008,1007,1000,988
1009,1008,995,985
1008,1008,996,986
1008,1007,998,990
1008,1007,995,986
1008,1007,995,985
1009,1007,998,989
1008,1008,996,986
1008,1007,995,987
1008,1008,997,989
1008,1007,998,986
1008,1007,995,985
1008,1007,998,989
1008,1007,997,988
1008,1007,994,985
1008,1007,998,989
1008,1007,997,988
1008,1007,994,984
1008,1007,998,988
1008,1007,997,988
1008,1007,994,986
1009,1007,997,988
1008,1007,999,987
1008,1008,994,984
1008,1007,997,987
1008,1007,998,989
1008,1008,994,984
1008,1007,997,988
1008,1007,997,988
1008,1007,994,983
1008,1008,996,986
1008,1007,998,988
1008,1007,994,986
1008,1008,995,986
1008,1007,1000,988
1008,1007,994,984
1008,1007,996,985
1008,1007,999,991
1008,1007,994,985
1008,1007,997,984
1008,1007,998,989
1008,1007,995,985
1008,1007,995,986
1008,1007,999,989
1008,1007,996,987
1008,1008,994,986
1008,1007,998,989
1008,1007,996,986
1008,1007,995,985
1008,1007,998,991
1008,1008,995,987
1008,1007,996,984
1008,1007,998,989
1008,1007,997,987
1008,1007,994,986
1008,1008,998,989
1008,1008,999,988
1008,1007,994,984
1008,1007,998,988
1008,1007,997,988
1008,1008,994,984
1009,1007,997,990
1008,1007,996,988
1009,1007,995,982
1008,1008,997,987
1008,1007,997,987
1009,1007,994,985
1008,1007,996,986
1008,1007,999,987
1008,1007,993,983
1008,1007,996,986
1008,1007,998,988
1008,1007,994,984
1008,1008,996,988
1008,1007,997,988
1008,1007,995,983
1008,1007,995,984
1008,1007,998,988
1008,1007,995,987
1008,1007,994,985
1008,1007,1000,989
1009,1007,995,985
1008,1007,995,985
1008,1008,999,989
1008,1007,996,986
1008,1007,997,985
1010,1007,998,989
1008,1007,996,985
1008,1007,994,984
1008,1007,999,989
1008,1007,996,988
1007,1007,993,984
1008,1007,1000,988
1008,1007,996,987
1008,1007,994,984
1008,1007,998,991
1008,1007,996,988
1008,1007,995,983
1008,1007,998,988
1008,1007,997,987
1008,1007,993,985
1008,1007,997,987
1008,1007,999,988
1008,1007,993,983
1008,1007,996,986
1008,1007,997,987
1008,1007,994,984
1008,1007,997,989
1008,1007,997,988
1008,1007,996,983
1008,1007,996,986
1008,1007,998,988
1008,1007,994,985
1008,1008,996,986
1008,1007,1000,989
1008,1007,994,984
1008,1007,995,985
1008,1007,999,989
1008,1002,995,985
1008,1007,996,987
1008,1007,998,990
1008,1007,995,985
1008,1007,995,985
1008,1007,999,989
1008,1008,995,988
1008,1007,994,985
1008,1007,1000,989
1008,1007,996,986
1008,1007,995,985
1008,1006,998,991
1008,1007,995,987
1008,1007,996,984
1008,1007,998,989
1008,1007,996,987
1008,1007,994,984
1008,1007,998,989
1008,1007,997,990
1008,1007,993,984
1008,1007,999,988
1008,1007,997,987
1008,1007,993,983
1008,1007,997,990
1008,1007,996,988
1008,1007,995,982
1007,1007,997,987
1008,1007,998,988
1008,1007,994,984
1008,1007,997,987
1008,1007,998,990
1008,1007,993,984
1008,1007,998,986
1008,1007,998,988
1008,1007,994,984
1008,1007,996,988
1008,1007,998,989
1008,1007,996,983
1008,1007,995,985
1008,1007,999,989
1008,1007,994,984
1008,1007,995,985
1008,1007,999,991
1008,1007,994,985
1008,1007,997,985
1008,1007,999,990
1008,1007,996,986
1008,1007,995,987
1007,1007,998,990
1008,1007,997,985
1008,1007,994,984
1008,1007,999,989
1008,1008,996,987
1008,1005,994,985
1008,1007,999,989
1008,1008,997,988
1008,1007,996,984
1010,1007,999,989
1008,1007,997,988
1008,1007,994,986
1008,1007,997,989
1008,1007,998,987
1008,1007,993,983
1008,1007,998,988
1008,1007,997,988
1008,1007,993,983
1009,1007,997,988
1008,1007,997,988
1008,1007,993,982
1009,1007,997,987
1008,1006,998,988
1008,1007,994,986
1008,1007,995,986
1008,1007,1000,988
1008,1007,994,983
1008,1007,996,986
1008,1007,999,991
1008,1007,993,984
1008,1007,997,984
1008,1007,999,989
1008,1007,994,984
1008,1007,995,985
1008,1007,999,990
1008,1007,995,986
1008,1007,994,985
1008,1007,998,989
1008,1007,995,985
1008,1007,995,985
1008,1008,999,992
1008,1007,994,986
1008,1007,996,984
1009,1007,999,990
1008,1007,996,987
1008,1007,994,986
1008,1007,999,990
1009,1007,997,988
1008,1007,994,984
1008,1007,998,989
1008,1007,997,987
1008,1007,993,983
1008,1007,998,991
1008,1007,996,988
1008,1007,995,982
1008,1007,998,988
1008,1007,997,988
1008,1007,993,984
1008,1007,997,988
1008,1007,1000,988
1008,1008,993,983
1008,1007,997,987
1008,1007,998,989
1008,1008,993,983
1008,1007,998,986
1008,1007,998,988
1008,1007,994,983
1008,1007,996,986
1008,1007,999,989
1008,1007,994,986
1008,1007,995,985
1008,1007,1000,988
1008,1007,994,983
1008,1007,995,985
1008,1007,999,991
1007,1007,993,984
1008,1007,997,984
1008,1007,999,989
1008,1007,995,985
1008,1007,995,986
1008,1008,999,990
1008,1007,996,987
1008,1008,994,985
1009,1007,998,989
1008,1008,996,986
1008,1007,994,984
1008,1007,999,992
1008,1007,995,987
1008,1007,995,983
1009,1007,998,989
1008,1007,997,987
1008,1007,993,984
1008,1008,999,989
1008,1007,997,989
1008,1007,992,984
1009,1007,997,988
1008,1007,997,987
1008,1006,993,982
1009,1008,997,990
1008,1007,997,988
1009,1007,994,982
1008,1007,997,987
1008,1007,998,988
1008,1007,994,983
1009,1007,997,987
1008,1007,998,991
1009,1007,993,983
1008,1008,998,986
1008,1008,999,989
1008,1007,994,983
1008,1007,995,987
1008,1008,998,989
1008,1007,996,984
1008,1007,995,985
1008,1007,999,990
1008,1006,995,985
1009,1008,995,985
1008,1007,999,992
1008,1007,994,985
1008,1007,997,984
1008,1006,999,990
1008,1007,996,986
1008,1007,995,987
1007,1007,998,990
1008,1007,997,985
1008,1007,994,984
1008,1007,999,990
1009,1007,996,987
1008,1007,994,984
1008,1007,999,992
1008,1007,996,988
1008,1007,995,983
1008,1007,998,989
1008,1007,997,988
1008,1007,993,985
1008,1007,997,989
1008,1007,999,987
1008,1007,993,983
1008,1007,998,988
1008,1007,998,989
1008,1010,993,984
1009,1008,998,989
1008,1007,997,989
1009,1007,993,983
1009,1007,997,987
1008,1007,999,989
1008,1008,994,986
1008,1008,995,986
1008,1007,1000,988
1008,1007,994,983
1008,1007,996,986
1008,1007,1000,992
1009,1007,994,984
1009,1008,997,985
1008,1007,1000,990
1008,1007,995,985
1008,1007,996,988
1008,1007,999,991
1008,1007,996,985
1008,1007,995,985
1008,1007,999,990
1008,1008,995,986
1008,1008,995,985
1007,1008,1000,991
1008,1007,995,987
1008,1007,994,985
1008,1007,999,990
1008,1008,997,987
1008,1007,994,986
1008,1007,998,990
1008,1007,999,988
1008,1007,993,983
1008,1007,998,989
1008,1007,997,989
1008,1007,992,983
1008,1007,998,990
1008,1007,996,988
1008,1007,992,982
1008,1007,998,988
1008,1007,998,988
1008,1006,993,985
1008,1007,996,987
1008,1007,999,987
1008,1007,993,982
1008,1007,996,986
1008,1007,998,988
1008,1008,993,983
1008,1007,996,988
1008,1007,998,989
1008,1007,995,983
1008,1007,995,985
1008,1007,999,989
1008,1007,994,986
1008,1007,994,985
1008,1007,1001,989
1008,1007,994,984
1008,1007,995,985
1008,1007,1000,992
1008,1007,994,985
1008,1007,994,984
1008,1007,999,990
1008,1007,995,985
1008,1007,994,987
1009,1008,998,990
1008,1007,997,985
1008,1007,994,984
1008,1007,999,990
1008,1007,996,988
1008,1007,994,984
1008,1007,1001,990
1008,1007,997,988
1008,1007,994,984
1008,1007,999,990
1008,1007,998,989
1008,1007,993,984
1008,1007,997,989
1008,1007,999,988
1008,1007,993,982
1008,1007,998,989
1008,1007,998,991
1009,1008,992,983
1008,1007,999,987
1008,1007,998,989
1008,1007,993,983
1008,1007,997,987
1008,1007,999,989
1008,1008,993,984
1009,1007,996,987
1008,1007,1001,989
1009,1008,993,983
1008,1008,996,986
1008,1007,1000,991
1008,1007,993,984
1008,1007,995,986
1008,1007,1000,991
1008,1007,994,984
1008,1007,997,985
1008,1007,1000,991
1008,1007,994,984
1008,1007,995,987
1009,1007,999,991
1007,1007,996,984
1008,1007,994,984
1008,1007,1000,991
1008,1008,996,988
1008,1007,993,985
1008,1007,1001,990
1008,1007,995,985
1008,1007,993,984
1009,1007,999,992
1008,1007,995,987
1008,1007,995,983
1008,1007,998,990
1008,1007,996,987
1008,1007,992,982
1008,1007,999,989
1008,1007,997,990
1008,1007,991,983
1008,1007,1000,988
1008,1007,998,988
1009,1007,993,982
1008,1007,998,990
1008,1007,997,988
1008,1007,994,981
1008,1007,997,987
1008,1007,997,988
1008,1007,992,982
1008,1007,996,986
1008,1007,999,989
1008,1007,993,982
1008,1007,996,985
1008,1007,999,989
1008,1007,993,982
1008,1007,995,987
1008,1007,998,989
1007,1007,994,982
1008,1007,994,983
1008,1007,998,989
1008,1007,993,984
1008,1007,993,984
1008,1007,1001,990
1007,1007,994,984
1008,1007,994,984
1008,1007,1000,992
1007,1006,995,985
1008,1007,996,983
1008,1007,999,990
1007,1007,995,985
1008,1007,993,985
1007,1006,999,990
1008,1007,998,987
1008,1007,993,984
1007,1007,999,990
1007,1007,997,988
1007,1006,993,983
1007,1007,998,992
1007,1007,996,988
1007,1006,993,982
1007,1006,998,989
1008,1006,997,988
1007,1007,992,983
1007,1006,997,988
1007,1007,997,988
1007,1007,991,981
1007,1006,997,986
1007,1006,998,988
1007,1007,992,982
1007,1006,996,989
1007,1007,997,988
1007,1006,993,980
1008,1007,995,985
1007,1006,998,988
1007,1007,992,983
1007,1006,995,984
1007,1006,999,990
1007,1007,992,982
1007,1007,994,983
1007,1006,999,989
1007,1007,993,983
1007,1006,994,986
1007,1006,998,990
1007,1007,995,983
1007,1006,994,984
1007,1006,999,990
1007,1006,994,986
1007,1006,993,984
1007,1006,1001,990
1007,1006,994,985
1007,1007,993,984
1008,1007,999,990
1007,1006,996,987
1007,1006,993,986
1007,1006,998,990
1007,1006,998,987
1007,1007,992,982
1007,1006,996,988
1007,1006,996,988
1007,1006,991,981
1007,1006,1000,988
1007,1006,996,987
1007,1006,990,980
1007,1006,996,990
1007,1006,996,988
1007,1006,993,981
1006,1006,997,987
1007,1006,997,987
1007,1007,993,982
1007,1006,996,987
1007,1006,998,991
1006,1006,991,981
1007,1006,997,984
1007,1006,998,988
1007,1006,992,981
1007,1006,995,986
1007,1006,999,989
1007,1006,995,982
1007,1006,994,984
1007,1006,999,990
1007,1005,993,983
1007,1006,995,985
1007,1006,1000,993
1007,1006,993,984
1007,1006,995,983
1006,1006,999,990
1007,1006,994,984
1007,1006,993,985
1007,1005,997,990
1007,1006,995,984
1007,1006,992,982
1007,1006,999,990
1007,1005,995,986
1007,1006,992,983
1007,1006,998,992
1006,1005,995,987
1007,1006,993,981
1007,1006,998,989
1007,1006,996,988
1007,1006,991,984
1006,1006,996,988
1007,1006,998,987
1007,1006,991,981
1007,1006,997,988
1007,1006,997,988
1007,1006,991,981
1007,1006,996,989
1007,1006,996,988
1007,1006,992,979
1007,1006,995,985
1006,1006,997,987
1006,1006,991,982
1007,1005,994,984
1006,1005,1001,988
1006,1005,991,981
1007,1006,994,984
1006,1005,998,989
1006,1005,992,981
1006,1005,995,983
1006,1005,998,989
1006,1007,992,982
1006,1005,993,983
1006,1005,998,989
1006,1005,992,984
1006,1005,991,982
1006,1004,999,988
1005,1005,992,983
1005,1004,991,981
1006,1003,998,989
1005,1004,993,984
1005,1004,991,982
1005,1004,996,989
1005,1004,992,983
1005,1004,990,980
1005,1004,997,988
1005,1004,994,987
1005,1004,988,979
1005,1004,997,986
1005,1004,994,985
1005,1004,989,979
1005,1003,995,988
1005,1003,993,985
1005,1004,990,978
1004,1003,995,986
1004,1007,995,986
1004,1003,989,978
1005,1004,994,984
1004,1003,995,988
1004,1003,988,978
1005,1003,995,982
1005,1003,995,985
1004,1003,989,978
1005,1003,992,984
1004,1003,996,987
1005,1003,991,979
1004,1003,992,982
1004,1003,997,988
1004,1003,990,980
1005,1003,991,981
1004,1003,997,990
1004,1003,989,980
1004,1003,992,980
1004,1003,997,988
1004,1003,991,981
1004,1003,991,983
1004,1003,996,988
1003,1003,993,982
1004,1003,990,981
1005,1003,996,989
1004,1003,992,983
1009,1003,990,980
1004,1003,996,990
1004,1003,991,983
1004,1003,990,978
1004,1003,995,987
1004,1003,993,984
1004,1003,988,981
1004,1003,994,987
1004,1003,995,984
1004,1003,987,978
1004,1003,994,986
1004,1003,994,985
1004,1003,988,978
1004,1002,994,987
1004,1003,993,985
1003,1003,989,976
1004,1003,992,982
1004,1003,994,984
1004,1002,988,979
1004,1002,991,982
1004,1002,996,984
1003,1002,988,977
1003,1002,992,982
1004,1002,995,986
1003,1002,988,978
1004,1002,991,982
1003,1002,994,986
1003,1002,988,977
1004,1002,990,979
1003,1002,996,986
1003,1002,989,980
1003,1002,989,980
1003,1002,997,987
1004,1002,990,980
1003,1002,990,980
1003,1002,996,988
1003,1002,990,982
1003,1002,989,980
1003,1002,995,987
1003,1002,991,981
1003,1002,988,979
1003,1002,995,987
1003,1002,991,983
1003,1002,987,978
1003,1002,994,985
1003,1001,991,982
1003,1002,987,977
1003,1001,994,985
1003,1001,992,984
1003,1001,987,977
1002,1001,993,985
1002,1001,992,984
1003,1001,986,976
1003,1001,992,983
1002,1001,993,984
1003,1001,987,976
1003,1001,992,982
1003,1001,993,984
1003,1001,986,975
1002,1001,992,983
1002,1001,994,986
1003,1001,989,977
1003,1001,991,981
1002,1001,994,984
1002,1001,987,977
1002,1001,990,980
1002,1000,994,987
1001,1001,987,978
1002,1001,991,978
1002,1001,994,985
1002,1001,988,978
1002,1000,990,982
1002,1001,994,986
1002,1001,991,980
1002,1001,990,981
1002,1001,993,984
1001,1001,989,980
1003,1001,989,980
1001,1001,992,985
1002,1000,988,980
1002,1000,990,978
1000,1000,993,983
1002,1000,990,981
1002,1000,988,981
1001,1002,991,983
1002,1000,992,981
1001,1000,988,979
1001,1000,991,983
1001,1000,990,981
1001,1000,987,978
1000,1000,990,983
1001,999,989,981
1000,999,988,976
1000,999,989,980
1000,999,991,979
1000,999,986,976
1000,998,991,978
1000,998,989,980
1000,998,988,976
999,998,988,978
999,997,989,982
999,997,985,976
998,996,985,976
998,996,988,979
997,995,986,977
997,995,984,974
997,995,986,977
996,994,985,977
995,993,982,974
995,992,983,975
994,992,984,976
994,992,985,976
993,991,980,970
993,990,980,971
992,990,983,975
992,989,977,968
991,988,978,969
990,987,980,972
989,987,976,967
989,986,976,966
988,985,978,970
987,984,975,966
986,983,972,964
985,982,975,968
984,981,973,965
984,980,969,960
982,979,972,964
981,978,970,962
980,977,965,956
979,975,968,960
977,974,966,959
976,972,960,951
974,970,963,954
972,968,962,955
970,966,956,948
968,964,956,949
965,962,956,950
962,958,949,942
959,955,948,941
955,952,948,942
951,947,940,934
946,943,936,930
941,937,935,931
934,931,926,921
927,924,919,915
919,916,916,913
909,906,905,902
898,895,893,890
885,883,886,886
870,869,872,872
853,853,854,854
833,835,842,844
810,814,822,826
784,790,796,801
754,763,776,783
720,733,749,758
681,700,713,723
637,662,681,694
587,620,644,660
533,574,597,614
472,525,552,572
406,472,505,527
339,415,447,470
267,358,392,418
197,300,339,367
127,240,277,306
67,183,220,250
56,125,168,202
52,72,114,148
50,61,100,121
48,57,101,113
47,55,97,104
47,54,96,98
49,53,98,100
51,54,96,98
51,56,96,94
52,58,100,98
53,57,98,99
57,54,95,94
100,53,97,99
227,53,97,106
61,52,93,88
50,51,95,91
50,51,97,96
51,51,94,94
51,50,94,92
50,51,97,97
50,51,95,95
56,51,94,92
78,51,96,97
122,52,96,99
288,56,97,105
600,66,105,122
716,188,170,158
733,617,422,320
737,728,595,482
736,727,673,589
736,728,704,650
736,727,716,684
738,712,713,697
734,617,654,665
728,458,538,583
721,286,392,465
720,246,303,367
723,300,294,324
725,390,346,339
727,516,439,398
729,650,556,490
731,722,650,583
729,728,694,644
728,726,710,677
729,725,718,697
729,725,719,706
729,725,718,709
730,725,720,712
729,724,720,713
728,724,717,711
728,723,718,712
727,722,718,712
728,722,716,710
729,722,716,710
728,722,717,711
728,722,715,709
728,722,715,709
729,721,717,711
729,721,715,709
729,721,714,708
728,721,716,710
728,720,715,709
728,722,714,708
727,721,716,710
727,721,715,709
727,720,713,707
727,719,714,709
727,717,713,708
729,716,710,705
728,715,710,705
728,713,709,704
728,712,706,701
728,711,706,701
727,709,705,701
727,708,702,697
728,707,702,697
727,706,702,697
727,705,699,694
726,704,698,693
726,703,699,694
725,702,697,691
726,702,696,690
726,702,697,692
726,702,696,691
725,701,695,689
726,703,698,692
725,700,696,690
724,700,694,688
724,698,694,689
723,698,693,688
723,697,690,685
723,696,691,686
723,695,690,685
723,694,688,683
723,694,689,684
724,694,689,684
725,694,687,682
725,700,682,679
722,695,687,681
700,674,674,671
664,697,683,673
700,697,689,682
723,697,690,683
695,697,690,683
687,699,693,686
704,699,693,687
690,699,692,685
678,699,694,687
678,699,693,687
668,699,692,685
657,699,694,687
648,699,693,687
629,692,688,682
614,673,677,676
602,658,663,664
555,643,647,647
514,621,629,632
538,612,617,622
557,646,629,623
529,654,640,629
502,588,608,611
506,577,587,593
524,625,605,599
527,629,616,607
485,608,607,600
467,569,582,585
486,566,572,575
479,602,585,577
458,588,583,576
432,534,553,557
408,508,524,533
416,518,516,520
409,541,527,522
384,511,514,513
387,470,486,493
396,497,490,490
393,520,503,495
382,506,501,494
372,495,496,492
393,488,489,488
415,519,502,494
408,534,518,505
400,508,511,505
412,505,503,500
411,523,512,504
386,521,515,507
371,521,515,507
401,512,511,507
430,510,509,507
